FIELD1,FIELD2,FIELD3
ADC,1001,5
ADC,1002,5
ADC,1003,5
ADC,1004,1
ADC,1005,6
ADC,1006,6
ADC,1007,5
ADC,1008,6
ADC,1009,2
ADC,1010,3
ADC,1011,2
ADC,1012,2
ADC,1013,1
ADC,1014,1
ADC,1015,2
ADC,1016,2
ADC,1019,6
ADC,1020,6
ADC,1021,2
ADC,1022,2
ADC,1023,3
ADC,1024,6
ADC,1025,6
ADC,1026,6
ADC,1027,4
ADC,1028,4
ADC,1029,5
ADC,1030,5
ADC,1031,5
ADC,1033,4
ADC,1034,4
ADC,1035,4
ADC,1036,6
ADC,1037,6
ADC,1038,6
ADC,1039,1
ADC,1040,4
ADC,1041,4
ADC,1042,5
ADC,1043,5
ADC,1044,5
ADC,1045,5
ADC,1046,6
ADC,1047,6
ADC,1048,6
ADC,1049,6
ADC,1050,6
ADC,1051,6
ADC,1052,5
ADC,1053,5
ADC,1054,5
ADC,1055,4
ADC,1056,4
ADC,1057,4
ADC,1058,4
ADC,1059,4
ADC,1060,2
ADC,1061,2
ADC,1062,2
ADC,1063,3
ADC,1064,3
ADC,1065,5
ADC,1066,5
ADC,1067,4
ADC,1068,2
ADC,1069,2
ADC,1070,1
ADC,1071,1
ADC,1072,3
ADC,1073,3
ADC,1074,1
ADC,1075,1
ADC,1076,3
ADC,1077,4
ADC,1078,1
ADC,1079,1
ADC,1080,1
ADC,1081,3
ADC,1082,3
ADC,1083,3
ADC,1084,3
ADC,1085,5
ADC,1086,1
ADC,1087,5
ADC,1088,4
ADC,1089,6
ADC,1090,5
ADC,1091,5
ADC,1092,5
ADC,1093,6
ADC,1094,6
ADC,1095,4
ADC,1096,4
ADC,1097,6
ADC,1098,6
ADC,1099,2
ADC,1100,2
ADC,1102,3
ADC,1103,1
ADC,1104,1
ADC,1105,3
ADC,1106,3
ADC,1107,2
ADC,1108,2
ADC,1109,4
ADC,1110,3
ADC,1111,3
ADC,1112,4
ADC,1113,4
ADC,1114,5
ADC,1115,5
ADC,1116,5
ADC,1117,5
ADC,1120,4
ADC,1121,4
ADC,1122,4
ADC,1123,3
ADC,1124,3
ADC,1125,3
ADC,1126,1
ADC,1127,1
ADC,1128,2
ADC,1129,2
ADC,1130,2
ADC,1131,3
ADC,1132,3
ADC,1133,2
ADC,1134,2
ADC,1135,1
ADC,1136,1
ADC,1137,1
ADC,1138,2
ADC,1139,2
ADC,1145,4
ADC,1146,4
ADC,1147,2
ADC,1148,2
ADC,1149,2
ADC,1150,4
ADC,1151,4
ADC,1152,5
ADC,1153,5
ADC,1154,5
ADC,1155,2
ADC,1156,2
ADC,1157,2
ADC,1158,5
ADC,1159,6
ADC,1160,1
ADC,1161,1
ADC,1162,2
ADC,1163,1
ADC,1164,1
ADC,1165,6
ADC,1166,6
ADC,1167,1
ADC,1168,1
ADC,1171,6
ADC,1172,1
ADC,1173,1
ADC,1174,1
ADC,1178,1
ADC,1179,1
ADC,1180,1
ADC,1183,2
ADC,1184,2
ADC,1185,3
ADC,1186,6
ADC,1187,6
ADC,1188,5
ADC,1189,5
ADC,1190,5
ADC,1191,3
ADC,1192,3
BMOR,1193,2
BMOR,1194,2
BMOR,1195,3
BMOR,1196,3
BMOR,1197,2
BMOR,1198,2
BMOR,1199,3
BMOR,1200,3
BMOR,1201,3
BMOR,1202,1
BMOR,1203,1
BMOR,1204,1
BMOR,1205,1
BMOR,1206,1
BMOR,1207,3
BMOR,1208,3
BMOR,1209,3
BMOR,1210,2
BMOR,1211,2
BMOR,1213,3
BMOR,1214,3
BMOR,1215,3
BMOR,1216,1
BMOR,1217,1
BMOR,1218,2
BMOR,1219,2
BMOR,1220,1
BMOR,1221,1
BMOR,1222,1
BMOR,1223,1
BMOR,1224,1
BMOR,1225,2
BMOR,1226,2
BMOR,1227,1
BMOR,1228,1
BMOR,1229,1
BMOR,1230,2
BMOR,1231,2
BMOR,1232,3
BMOR,1233,3
BMOR,1234,3
BMOR,1235,1
BMOR,1236,1
BMOR,1237,2
BMOR,1238,2
BMOR,1239,3
BMOR,1240,3
BMOR,1241,3
BMOR,1242,3
BMOR,1243,3
BMOR,1244,3
BMOR,1245,3
BMOR,1246,3
BMOR,1247,3
BMOR,1248,1
BMOR,1250,2
BMOR,1251,2
BMOR,1252,3
BMOR,1253,1
BMOR,1254,1
BMOR,1255,2
BMOR,1256,2
BMOR,1257,2
BMOR,1258,1
BMOR,1259,1
BMOR,1260,1
BMOR,1261,1
BMOR,1264,1
BMOR,1265,1
BMOR,1266,2
BMOR,1267,2
BMOR,1268,2
BMOR,1269,3
BMOR,1270,3
BMOR,1274,3
BMOR,1275,3
BMOR,1276,2
BMOR,1277,2
BMOR,1278,2
BMOR,1279,2
BMOR,1280,2
BMOR,1281,1
BMOR,1282,1
BMOR,1283,2
BOR,1286,2
BOR,1287,2
BOR,1288,3
BOR,1289,3
BOR,1290,3
BOR,1291,2
BOR,1292,2
BOR,1293,3
BOR,1294,3
BOR,1295,2
BOR,1296,2
BOR,1297,2
BOR,1298,3
BOR,1299,3
BOR,1300,3
BOR,1301,1
BOR,1302,1
BOR,1303,1
BOR,1305,1
BOR,1306,3
BOR,1307,3
BOR,1308,3
BOR,1309,2
BOR,1313,1
BOR,1314,1
BOR,1315,2
BOR,1316,2
BOR,1319,1
BOR,1320,1
BOR,1321,1
BOR,1322,2
BOR,1323,1
BOR,1324,1
BOR,1326,1
BOR,1327,1
BOR,1328,3
BOR,1329,3
BOR,1330,3
BOR,1331,1
BOR,1332,1
BOR,1333,1
BOR,1334,3
BOR,1335,3
BOR,1336,3
BOR,1337,2
BOR,1339,2
BOR,1340,1
BOR,1341,1
BOR,1342,3
BOR,1343,3
BOR,1344,3
BOR,1345,3
BOR,1346,3
BOR,1347,1
BOR,1348,1
BOR,1349,1
BOR,1350,2
BOR,1351,2
BOR,1352,3
BOR,1355,1
BOR,1356,2
BOR,1357,1
BOR,1358,1
BOR,1359,2
BOR,1360,2
BOR,1361,2
BOR,1362,3
BOR,1363,3
BOR,1364,3
BOR,1365,3
BOR,1366,3
BOR,1367,1
CMP,1371,3
CMP,1372,3
CMP,1373,1
CMP,1374,1
CMP,1375,3
CMP,1376,3
CMP,1377,1
CMP,1378,1
CMP,1379,2
CMP,1380,2
CMP,1381,2
CMP,1382,3
CMP,1383,3
CMP,1384,3
CMP,1385,2
CMP,1386,2
CMP,1387,2
CMP,1388,2
CMP,1389,3
CMP,1390,3
CMP,1391,3
CMP,1392,3
CMP,1393,1
CMP,1394,1
CMP,1395,1
CMP,1396,2
CMP,1397,2
CMP,1401,2
CMP,1402,2
CMP,1403,1
CMP,1404,1
CMP,1405,1
CMP,1406,3
CMP,1407,3
CMP,1408,1
CMP,1409,1
CMP,1410,1
CMP,1411,3
CMP,1412,3
CMP,1413,2
CMP,1414,2
CMP,1415,2
CMP,1416,2
CMP,1418,3
CMP,1419,3
CMP,1420,2
CMP,1421,2
CMP,1422,1
CMP,1424,3
CMP,1425,3
CMP,1426,3
CMP,1427,1
CMP,1428,1
CMP,1429,1
CMP,1432,3
CMP,1433,3
CMP,1434,3
CMP,1435,2
CMP,1436,2
CMP,1437,3
CMP,1438,3
CMP,1439,3
CMP,1440,2
CMP,1441,2
CMP,1442,2
CMP,1443,1
CMP,1444,1
CMP,1445,1
CMP,1446,1
CMP,1447,2
CMP,1448,2
CSP,1451,2
CSP,1452,2
CSP,1453,2
CSP,1454,2
CSP,1455,2
CSP,1456,2
CSP,1457,2
CSP,1458,2
CSP,1459,3
CSP,1460,3
CSP,1461,3
CSP,1462,3
CSP,1463,3
CSP,1464,3
CSP,1465,1
CSP,1466,1
CSP,1467,1
CSP,1470,2
CSP,1471,2
CSP,1472,2
CSP,1473,1
CSP,1474,3
CSP,1475,3
CSP,1476,3
CSP,1477,3
CSP,1478,3
CSP,1479,1
CSP,1480,1
CSP,1481,2
CSP,1482,2
CSP,1483,2
CSP,1484,2
CSP,1486,2
CSP,1487,2
CSP,1488,2
CSP,1489,2
CSP,1490,1
CSP,1491,1
CSP,1492,1
CSP,1493,3
CSP,1494,3
CSP,1495,1
CSP,1496,1
CSP,1497,1
CSP,1498,1
CSP,1499,1
CSP,1500,1
CSP,1501,1
CSP,1502,1
CSP,1503,1
CSP,1505,1
CSP,1508,3
CSP,1509,3
CSP,1510,2
CSP,1511,2
CSP,1512,1
CSP,1513,1
CSP,1514,1
CSP,1515,2
CSP,1516,2
CSP,1517,1
CSP,1518,1
CSP,1519,3
CSP,1520,3
CSP,1521,3
CSP,1522,2
CSP,1523,2
CSP,1524,1
CSP,1525,1
CSP,1528,3
CSP,1529,3
CSP,1530,3
CSP,1531,3
CSP,1532,3
CSP,1533,3
CSP,1534,3
CSP,1535,3
CSP,1536,1
CSP,1537,1
EFB,1538,3
EFB,1539,1
EFB,1540,1
EFB,1541,1
EFB,1542,1
EFB,1543,1
EFB,1544,1
EFB,1545,3
EFB,1546,3
EFB,1547,3
EFB,1548,1
EFB,1549,1
EFB,1550,3
EFB,1551,3
EFB,1552,1
EFB,1553,1
EFB,1554,1
EFB,1555,2
EFB,1556,1
EFB,1557,1
EFB,1558,1
EFB,1559,1
EFB,1560,1
EFB,1561,2
EFB,1562,2
EFB,1563,2
EFB,1564,2
EFB,1565,3
EFB,1566,3
EFB,1567,3
EFB,1568,2
EFB,1569,2
EFB,1570,3
EFB,1571,3
EFB,1572,1
EFB,1573,1
EFB,1574,3
EFB,1575,3
EFB,1576,3
EFB,1577,3
EFB,1578,3
EFB,1579,3
EFB,1580,3
EFB,1583,1
EFB,1584,1
EFB,1585,1
EFB,1586,1
EFB,1587,2
EFB,1588,2
EFB,1589,2
EFB,1590,2
EFB,1591,1
EFB,1592,1
EFB,1593,3
EFB,1594,1
EFB,1595,1
EFB,1596,1
EFB,1597,1
EFB,1598,1
EFB,1599,2
EFB,1600,2
EFB,1601,2
EFB,1602,2
EFB,1603,2
EFB,1604,1
EFB,1605,1
EFB,1606,2
EFB,1607,3
EFB,1608,3
EFB,1609,2
EFB,1610,2
EFB,1611,2
EFB,1612,3
EFB,1613,2
EFB,1614,2
EFB,1615,3
EFB,1616,3
EFB,1617,3
EFB,1618,2
EFB,1619,2
EIB,1620,5
EIB,1621,5
EIB,1622,5
EIB,1623,1
EIB,1624,2
EIB,1625,4
EIB,1626,4
EIB,1627,3
EIB,1628,3
EIB,1629,1
EIB,1630,1
EIB,1631,1
EIB,1632,2
EIB,1633,2
EIB,1634,2
EIB,1635,4
EIB,1636,4
EIB,1637,3
EIB,1638,3
EIB,1639,5
EIB,1642,4
EIB,1643,4
EIB,1644,4
EIB,1645,4
EIB,1646,5
EIB,1647,5
EIB,1648,2
EIB,1649,2
EIB,1650,2
EIB,1651,2
EIB,1652,5
EIB,1653,2
EIB,1654,2
EIB,1655,2
EIB,1656,3
EIB,1657,3
EIB,1658,3
EIB,1659,3
EIB,1660,3
EIB,1661,2
EIB,1662,2
EIB,1663,2
EIB,1664,1
EIB,1665,1
EIB,1666,4
EIB,1667,4
EIB,1668,4
EIB,1669,5
EIB,1670,5
EIB,1671,4
EIB,1672,4
EIB,1673,4
EIB,1674,3
EIB,1675,3
EIB,1676,3
EIB,1678,3
EIB,1679,3
EIB,1680,3
EIB,1681,1
EIB,1682,1
EIB,1683,1
EIB,1684,4
EIB,1685,4
EIB,1686,5
EIB,1687,5
EIB,1688,5
EIB,1689,5
EIB,1690,1
EIB,1691,1
EIB,1692,5
EIB,1693,1
EIB,1694,1
EIB,1695,2
EIB,1696,2
EIB,1697,2
EIB,1698,3
EIB,1700,2
EIB,1701,2
EIB,1702,2
EIB,1703,2
EIB,1704,5
EIB,1705,5
EIB,1706,1
EIB,1707,1
EIB,1708,1
EIB,1709,4
EIB,1710,4
EIB,1711,4
EIB,1712,4
EIB,1713,4
EIB,1714,4
EIB,1715,4
EIB,1716,4
EIB,1717,3
EIB,1718,3
EIB,1719,3
EIB,1720,3
EIB,1721,3
EIB,1722,3
EIB,1723,1
EIB,1724,1
EIB,1725,2
EIB,1726,2
EIB,1727,2
EIB,1728,1
EIB,1729,1
EIB,1730,1
EIB,1731,2
EIB,1732,2
EIB,1733,1
EIB,1734,4
EIB,1735,4
EIB,1736,4
EIB,1737,3
EIB,1738,3
EIB,1739,3
EIB,1740,3
EIB,1741,5
EIB,1742,5
EIB,1743,1
EIP,1744,3
EIP,1745,1
EIP,1746,1
EIP,1747,1
EIP,1748,2
EIP,1749,2
EIP,1750,2
EIP,1751,3
EIP,1752,3
EIP,1753,4
EIP,1754,4
EIP,1755,5
EIP,1756,5
EIP,1757,2
EIP,1758,2
EIP,1759,3
EIP,1760,6
EIP,1761,6
EIP,1762,6
EIP,1763,3
EIP,1764,4
EIP,1765,4
EIP,1766,5
EIP,1767,5
EIP,1768,1
EIP,1769,1
EIP,1770,2
EIP,1771,2
EIP,1772,2
EIP,1773,1
EIP,1774,1
EIP,1775,3
EIP,1776,3
EIP,1777,3
EIP,1779,1
EIP,1780,1
EIP,1781,1
EIP,1782,3
EIP,1783,3
EIP,1784,2
EIP,1785,2
EIP,1786,2
EIP,1787,6
EIP,1788,6
EIP,1789,6
EIP,1790,6
EIP,1791,6
EIP,1792,6
EIP,1793,1
EIP,1794,1
EIP,1795,2
EIP,1796,2
EIP,1797,5
EIP,1798,5
EIP,1799,5
EIP,1800,4
EIP,1801,5
EIP,1802,5
EIP,1803,1
EIP,1804,1
EIP,1805,1
EIP,1806,1
EIP,1807,1
EIP,1808,1
EIP,1809,2
EIP,1810,2
EIP,1813,3
EIP,1814,3
EIP,1815,3
EIP,1816,3
EIP,1817,3
EIP,1818,6
EIP,1819,6
EIP,1821,1
EIP,1822,2
EIP,1823,4
EIP,1824,4
EIP,1825,1
EIP,1826,1
EIP,1827,5
EIP,1828,4
EIP,1829,4
EIP,1830,4
EIP,1831,4
EIP,1832,4
EIP,1833,4
EIP,1834,5
EIP,1835,5
EIP,1837,5
EIP,1838,5
EIP,1839,2
EIP,1840,2
EIP,1841,2
EIP,1843,1
EIP,1844,1
EIP,1845,2
EIP,1846,2
EIP,1847,1
EIP,1848,6
EIP,1849,6
EIP,1850,1
EIP,1851,3
EIP,1852,3
EIP,1853,3
EIP,1854,6
EIP,1855,6
EIP,1856,5
EIP,1857,5
EIP,1858,5
EIP,1859,5
EIP,1860,6
EIP,1862,6
EIP,1863,6
EIP,1864,5
EIP,1865,5
EIP,1866,5
EIP,1867,4
EIP,1868,4
EIP,1869,1
EIP,1870,1
EIP,1871,1
EIP,1872,6
EIP,1873,6
EIP,1874,6
EIP,1875,5
EIP,1876,5
EIP,1877,2
EIP,1878,2
EIP,1879,3
EIP,1880,3
EIP,1881,3
EIP,1882,5
EIP,1883,5
EIP,1884,5
EIP,1885,4
EIP,1886,4
EIP,1887,6
EIP,1888,6
EIP,1889,6
EIP,1890,4
EIP,1891,2
EIP,1892,2
EIP,1893,1
EIP,1894,6
EIP,1895,6
EIP,1896,6
EIP,1897,6
EIP,1898,6
EIP,1899,4
EIP,1900,4
EIP,1901,4
EIP,1902,3
EIP,1903,3
EIP,1904,3
EIP,1905,4
EIP,1906,4
EIP,1907,5
EIP,1908,5
EIP,1909,6
EIP,1910,2
EIP,1911,4
EIP,1912,4
EIP,1913,4
EIP,1914,4
EIP,1915,5
EIP,1916,6
EIP,1917,2
EIP,1918,2
EIP,1919,2
EPP,1920,2
EPP,1921,2
EPP,1922,2
EPP,1923,2
EPP,1924,2
EPP,1927,1
EPP,1928,1
EPP,1929,2
EPP,1930,2
EPP,1931,1
EPP,1932,1
EPP,1933,1
EPP,1934,1
EPP,1935,1
EPP,1936,1
EPP,1937,2
EPP,1940,1
EPP,1941,1
EPP,1942,1
EPP,1943,1
EPP,1944,1
EPP,1945,1
EPP,1946,2
EPP,1947,2
EPP,1948,1
EPP,1949,1
EPP,1950,1
EPP,1951,2
EPP,1952,2
EPP,1953,2
EPP,1954,2
EPP,1955,2
EPP,1956,2
EPP,1957,1
EPP,1958,1
EPP,1959,1
EPP,1960,1
EPP,1961,1
EPP,1962,2
EPP,1963,1
EPP,1964,2
ESB,1966,2
ESB,1967,5
ESB,1968,2
ESB,1970,2
ESB,1971,3
ESB,1972,3
ESB,1973,1
ESB,1974,1
ESB,1975,2
ESB,1976,2
ESB,1977,5
ESB,1978,5
ESB,1979,1
ESB,1980,1
ESB,1981,2
ESB,1982,1
ESB,1983,1
ESB,1984,1
ESB,1985,2
ESB,1986,2
ESB,1987,2
ESB,1988,4
ESB,1989,4
ESB,1990,1
ESB,1991,1
ESB,1992,1
ESB,1993,2
ESB,1994,3
ESB,1995,2
ESB,1996,2
ESB,1997,2
ESB,1998,2
ESB,1999,2
ESB,2000,4
ESB,2001,5
ESB,2002,5
ESB,2003,5
ESB,2004,5
ESB,2005,3
ESB,2006,1
ESB,2007,1
ESB,2008,1
ESB,2009,1
ESB,2010,5
ESB,2011,6
ESB,2012,6
ESB,2013,3
ESB,2014,3
ESB,2015,4
ESB,2016,4
ESB,2017,4
ESB,2018,4
ESB,2019,1
ESB,2020,1
ESB,2021,5
ESB,2022,4
ESB,2023,2
ESB,2024,5
ESB,2025,5
ESB,2026,5
ESB,2027,1
ESB,2028,1
ESB,2029,1
ESB,2030,1
ESB,2031,1
ESB,2032,3
ESB,2033,3
ESB,2034,2
ESB,2035,4
ESB,2036,4
ESB,2037,4
ESB,2038,4
ESB,2039,1
ESB,2040,1
ESB,2041,6
ESB,2042,6
ESB,2043,3
ESB,2044,6
ESB,2045,6
ESB,2046,6
ESB,2047,3
ESB,2048,3
ESB,2049,4
ESB,2050,3
ESB,2051,3
ESB,2052,3
ESB,2053,5
ESB,2054,6
ESB,2055,2
ESB,2056,5
ESB,2057,5
ESB,2058,5
ESB,2059,6
ESB,2060,1
ESB,2061,1
ESB,2062,1
ESB,2063,2
ESB,2064,2
ESB,2065,2
ESB,2066,5
ESB,2067,5
ESB,2068,5
ESB,2069,6
ESB,2070,4
ESB,2071,4
ESB,2072,4
ESB,2073,5
ESB,2074,1
ESB,2075,1
ESB,2076,3
ESB,2077,3
ESB,2078,5
ESB,2079,5
ESB,2080,4
ESB,2081,4
ESB,2082,1
ESB,2083,2
ESB,2084,2
ESB,2085,2
ESB,2086,5
ESB,2087,5
ESB,2088,3
ESB,2089,6
ESB,2090,3
ESB,2091,3
ESB,2092,4
ESB,2093,4
ESB,2094,4
ESB,2095,4
ESB,2096,6
ESB,2097,3
ESB,2098,6
ESB,2099,6
ESB,2100,6
ESB,2101,1
ESB,2102,1
ESB,2103,4
ESB,2104,4
ESB,2105,3
ESB,2106,3
ESB,2107,3
ESB,2108,6
ESB,2109,6
ESB,2110,1
ESB,2111,6
ESB,2112,6
ESB,2113,6
ESB,2114,3
ESB,2115,3
ESB,2116,4
ESB,2117,4
ESB,2118,4
ESB,2119,6
ESB,2120,6
ESB,2121,6
ESB,2122,6
ESB,2123,4
ESB,2124,5
ESB,2125,6
ESB,2126,6
ESB,2127,6
ESB,2128,2
ESB,2129,2
ESB,2130,2
ESB,2131,5
ESB,2132,5
FCE,2133,2
FCE,2134,2
FCE,2135,1
FCE,2136,1
FCE,2137,1
FCE,2138,1
FCE,2139,2
FCE,2140,1
FCE,2141,2
FCE,2142,2
FCE,2143,1
FCE,2144,1
FCE,2145,2
FCE,2146,2
FCE,2147,1
FCE,2148,1
FCE,2149,2
FCE,2150,1
FCE,2151,2
FCE,2152,1
FCE,2153,2
FCE,2154,2
FCE,2155,1
FCE,2156,2
FCE,2157,1
FCE,2158,2
FCE,2159,2
FCE,2161,1
FCE,2162,2
FCE,2163,1
FCE,2164,2
FCE,2165,1
FCE,2166,2
FCE,2167,1
FCE,2168,2
FCE,2169,1
FCE,2170,1
FCE,2171,2
FLPP,2172,1
FLPP,2173,1
FLPP,2174,1
FLPP,2175,1
FLPP,2176,2
FLPP,2177,2
FLPP,2178,2
FLPP,2179,2
FLPP,2180,2
FLPP,2181,2
FLPP,2182,2
FLPP,2183,2
FLPP,2184,2
FLPP,2185,2
FLPP,2186,2
FLPP,2187,1
FLPP,2188,1
FLPP,2189,1
FLPP,2190,1
FLPP,2191,1
FLPP,2192,2
FLPP,2193,2
FLPP,2194,2
FLPP,2195,1
FLPP,2196,1
FLPP,2197,1
FLPP,2198,1
FLPP,2199,1
FLPP,2200,1
FLPP,2201,1
FLPP,2202,1
FLPP,2203,2
FLPP,2204,2
FLPP,2206,2
FLPP,2207,2
FLPP,2208,2
FMP,2210,6
FMP,2211,3
FMP,2212,3
FMP,2213,3
FMP,2214,3
FMP,2215,3
FMP,2216,7
FMP,2217,7
FMP,2218,7
FMP,2219,6
FMP,2220,7
FMP,2221,2
FMP,2222,4
FMP,2223,4
FMP,2224,5
FMP,2225,5
FMP,2226,5
FMP,2227,5
FMP,2228,6
FMP,2229,6
FMP,2230,7
FMP,2231,7
FMP,2232,4
FMP,2233,4
FMP,2234,5
FMP,2235,4
FMP,2236,4
FMP,2237,5
FMP,2238,5
FMP,2239,5
FMP,2240,4
FMP,2241,5
FMP,2242,5
FMP,2246,4
FMP,2247,5
FMP,2248,5
FMP,2249,1
FMP,2250,1
FMP,2251,7
FMP,2252,7
FMP,2253,7
FMP,2254,7
FMP,2255,7
FMP,2256,7
FMP,2257,1
FMP,2258,1
FMP,2259,4
FMP,2260,4
FMP,2261,5
FMP,2262,5
FMP,2263,5
FMP,2264,6
FMP,2265,6
FMP,2266,6
FMP,2267,5
FMP,2268,4
FMP,2269,4
FMP,2270,2
FMP,2271,2
FMP,2272,3
FMP,2273,3
FMP,2274,3
FMP,2275,2
FMP,2276,2
FMP,2277,1
FMP,2278,1
FMP,2279,3
FMP,2280,3
FMP,2281,3
FMP,2282,2
FMP,2283,2
FMP,2284,3
FMP,2285,2
FMP,2286,2
FMP,2287,7
FMP,2288,7
FMP,2289,7
FMP,2290,3
FMP,2291,3
FMP,2292,5
FMP,2293,5
FMP,2295,3
FMP,2296,3
FMP,2297,6
FMP,2298,6
FMP,2299,6
FMP,2300,2
FMP,2301,2
FMP,2302,5
FMP,2303,5
FMP,2304,5
FMP,2305,6
FMP,2306,6
FMP,2307,6
FMP,2308,6
FMP,2309,7
FMP,2310,7
FMP,2311,4
FMP,2312,1
FMP,2313,1
FMP,2314,1
FMP,2315,1
FMP,2316,3
FMP,2317,1
FMP,2318,1
FMP,2319,1
FMP,2320,4
FMP,2321,4
FMP,2322,2
FMP,2323,3
FMP,2324,1
FMP,2325,1
FMP,2326,6
FMP,2327,6
FMP,2328,7
FMP,2329,7
FMP,2330,2
FMP,2331,2
FMP,2332,2
FMP,2333,1
FMP,2334,1
FMP,2335,2
FMP,2336,2
FMP,2337,7
FMP,2338,4
FMP,2339,4
FMP,2340,4
FMP,2341,6
FMP,2342,2
FMP,2343,2
FMP,2344,3
FMP,2345,6
FMP,2347,1
FMP,2348,6
FMP,2349,6
FMP,2350,5
FMP,2351,5
FMP,2352,5
FMP,2353,6
FMP,2354,6
FMP,2355,3
FMP,2356,3
FMP,2357,3
FMP,2360,4
FMP,2361,4
FMP,2362,4
FMP,2363,4
FMP,2364,5
FMP,2365,5
FMP,2366,3
FMP,2367,3
FMP,2368,3
FMP,2369,1
FMP,2370,3
FMP,2371,3
FMP,2372,7
FMP,2373,1
FMP,2374,1
FMP,2375,5
FMP,2376,5
FMP,2377,7
FMP,2378,7
FMP,2379,2
FMP,2380,2
FMP,2381,1
FMP,2382,2
FMP,2383,1
FMP,2384,7
FMP,2385,7
FMP,2386,1
FMP,2387,7
FMP,2388,7
FMP,2389,2
FMP,2390,2
FMP,2391,3
FMP,2392,1
FMP,2393,1
FMP,2394,1
FMP,2395,2
FMP,2396,5
FMP,2397,5
FMP,2398,6
FMP,2399,6
FMP,2400,6
FMP,2401,6
FMP,2402,6
FMP,2405,4
FMP,2406,4
FOR,2407,1
FOR,2408,1
FOR,2409,1
FOR,2410,3
FOR,2411,1
FOR,2412,1
FOR,2413,1
FOR,2414,1
FOR,2415,1
FOR,2416,1
FOR,2417,1
FOR,2418,1
FOR,2419,2
FOR,2420,2
FOR,2421,2
FOR,2422,2
FOR,2423,2
FOR,2424,2
FOR,2425,3
FOR,2426,3
FOR,2427,3
FOR,2428,1
FOR,2429,2
FOR,2430,2
FOR,2431,3
FOR,2432,3
FOR,2433,3
FOR,2434,3
FOR,2435,3
FOR,2436,3
FOR,2437,3
FOR,2438,2
FOR,2439,2
FOR,2440,3
FOR,2441,3
FOR,2442,3
FOR,2445,1
FOR,2446,3
FOR,2447,3
FOR,2449,2
FOR,2450,2
FOR,2451,3
FOR,2452,2
FOR,2453,2
FOR,2454,2
FOR,2455,3
FOR,2461,2
FOR,2463,2
FOR,2464,1
FOR,2465,3
FOR,2466,1
FOR,2467,1
FOR,2468,1
FOR,2469,1
FOR,2470,1
FOR,2471,1
FOR,2472,1
FOR,2473,2
FOR,2474,2
FOR,2475,3
FOR,2476,3
FOR,2477,2
FOR,2478,2
GRIT,2479,1
GRIT,2480,1
GRIT,2481,1
GRIT,2482,1
GRIT,2483,1
GRIT,2484,1
GRIT,2485,1
GRIT,2486,1
GRIT,2487,1
GRIT,2488,1
GRIT,2489,1
GRIT,2490,1
GRIT,2491,1
GRIT,2492,1
GRIT,2493,1
GRIT,2494,1
GRIT,2495,1
GRIT,2496,1
GRIT,2497,1
GRIT,2498,1
GRIT,2499,1
GRIT,2500,1
GRIT,2501,1
GRIT,2502,1
GRIT,2503,1
GRIT,2504,1
GRIT,2505,1
GRIT,2506,1
GRIT,2507,1
GRIT,2508,1
GRIT,2509,1
GRIT,2510,1
GRIT,2512,1
GRIT,2513,1
GRIT,2514,1
GRIT,2515,1
GRIT,2516,1
GRIT,2517,1
HTOR,2518,1
HTOR,2519,1
HTOR,2520,5
HTOR,2521,5
HTOR,2522,1
HTOR,2523,1
HTOR,2524,1
HTOR,2525,2
HTOR,2526,3
HTOR,2527,3
HTOR,2528,4
HTOR,2529,1
HTOR,2530,1
HTOR,2531,1
HTOR,2532,2
HTOR,2533,2
HTOR,2534,5
HTOR,2535,5
HTOR,2536,5
HTOR,2537,4
HTOR,2538,4
HTOR,2539,3
HTOR,2540,3
HTOR,2541,5
HTOR,2542,5
HTOR,2543,5
HTOR,2545,5
HTOR,2546,5
HTOR,2547,4
HTOR,2548,4
HTOR,2549,4
HTOR,2550,3
HTOR,2551,3
HTOR,2554,2
HTOR,2555,2
HTOR,2556,2
HTOR,2557,1
HTOR,2558,1
HTOR,2559,2
HTOR,2560,2
HTOR,2561,4
HTOR,2562,2
HTOR,2563,2
HTOR,2564,2
HTOR,2565,3
HTOR,2566,3
HTOR,2567,4
HTOR,2568,4
HTOR,2569,2
HTOR,2570,2
HTOR,2571,4
HTOR,2572,4
HTOR,2573,5
HTOR,2574,5
HTOR,2575,5
HTOR,2576,5
HTOR,2577,5
HTOR,2578,4
HTOR,2579,4
HTOR,2580,4
HTOR,2581,5
HTOR,2582,5
HTOR,2583,5
HTOR,2586,4
HTOR,2587,4
HTOR,2588,4
HTOR,2589,1
HTOR,2590,1
HTOR,2591,2
HTOR,2592,2
HTOR,2593,3
HTOR,2594,3
HTOR,2595,3
HTOR,2596,3
HTOR,2597,3
HTOR,2598,2
HTOR,2599,5
HTOR,2600,5
HTOR,2601,3
HTOR,2602,3
HTOR,2603,4
HTOR,2604,4
HTOR,2605,4
HTOR,2606,1
HTOR,2607,1
HTOR,2608,1
HTOR,2609,3
HTOR,2610,3
HTOR,2611,5
HTOR,2612,4
HTOR,2613,4
HTOR,2614,4
HTOR,2615,2
HTOR,2616,2
HTOR,2617,2
HTOR,2618,1
HTOR,2619,1
HTOR,2620,1
HTOR,2621,3
HTOR,2622,3
HTOR,2623,1
HTOR,2624,1
HTOR,2625,1
HTOR,2629,2
HTOR,2630,3
HTOR,2631,3
HTPS,2636,1
HTPS,2637,2
HTPS,2638,1
HTPS,2639,2
HTPS,2640,2
HTPS,2641,1
HTPS,2642,2
HTPS,2643,1
HTPS,2644,1
HTPS,2645,1
HTPS,2646,2
HTPS,2647,1
HTPS,2648,1
HTPS,2649,2
HTPS,2650,2
HTPS,2651,2
HTPS,2652,1
HTPS,2653,2
HTPS,2654,2
HTPS,2656,1
HTPS,2657,1
HTPS,2658,2
HTPS,2659,1
HTPS,2660,2
HTPS,2662,1
HTPS,2663,2
HTPS,2664,2
HTPS,2665,2
HTPS,2666,2
HTPS,2667,1
HTPS,2668,2
HTPS,2669,1
HTPS,2670,2
HTPS,2671,1
HTPS,2672,1
HTPS,2673,2
HTPS,2674,2
HTPS,2675,1
HTPS,2676,1
HTPS,2677,1
HTPS,2678,2
HTPS,2679,1
HTPS,2680,1
IBP,2681,4
IBP,2682,4
IBP,2683,4
IBP,2687,2
IBP,2688,3
IBP,2689,3
IBP,2690,1
IBP,2691,1
IBP,2692,5
IBP,2693,5
IBP,2694,5
IBP,2695,4
IBP,2696,3
IBP,2697,3
IBP,2698,3
IBP,2699,3
IBP,2700,3
IBP,2701,4
IBP,2702,4
IBP,2703,4
IBP,2705,3
IBP,2706,3
IBP,2707,2
IBP,2708,2
IBP,2709,2
IBP,2712,5
IBP,2713,5
IBP,2714,1
IBP,2715,1
IBP,2716,1
IBP,2717,1
IBP,2718,2
IBP,2719,2
IBP,2720,2
IBP,2721,3
IBP,2722,3
IBP,2723,3
IBP,2724,2
IBP,2725,2
IBP,2727,5
IBP,2728,5
IBP,2729,1
IBP,2730,1
IBP,2731,2
IBP,2732,2
IBP,2733,5
IBP,2734,5
IBP,2735,5
IBP,2736,3
IBP,2737,3
IBP,2738,2
IBP,2739,2
IBP,2740,2
IBP,2741,4
IBP,2742,4
IBP,2743,5
IBP,2744,5
IBP,2745,1
IBP,2747,5
IBP,2748,5
IBP,2749,1
IBP,2750,1
IBP,2751,1
IBP,2753,2
IBP,2754,2
IBP,2755,2
IBP,2756,4
IBP,2757,4
IBP,2760,3
IBP,2761,3
IBP,2762,1
IBP,2763,1
IBP,2764,1
IBP,2765,5
IBP,2766,5
IBP,2767,4
IBP,2768,4
IBP,2769,4
IBP,2770,5
IBP,2771,3
IBP,2772,3
IBP,2773,3
IBP,2774,1
IBP,2775,4
IBP,2776,3
IBP,2777,3
IBP,2778,4
IBP,2779,2
IBP,2780,2
IBP,2781,2
IBP,2782,2
IBP,2783,5
IBP,2784,5
IBP,2785,1
IBP,2786,1
IBP,2788,3
IBP,2789,3
IBP,2790,3
IBP,2791,3
IBP,2792,3
IBP,2793,2
IBP,2794,2
IBP,2795,4
IBP,2796,4
IBP,2797,4
IBP,2798,4
IBP,2799,4
IBP,2800,1
IBP,2801,1
IBP,2802,1
IBP,2803,3
IBP,2804,3
IBP,2805,3
IBP,2806,4
IBP,2807,4
IBP,2808,4
IBP,2809,1
IBP,2810,2
IBP,2811,2
IBP,2813,5
IBP,2814,1
IBP,2815,1
IBP,2816,2
IBP,2817,5
IBP,2818,1
IBP,2819,1
LEP,2822,1
LEP,2823,1
LEP,2824,1
LEP,2825,1
LEP,2826,1
LEP,2827,1
LEP,2828,1
LEP,2829,1
LEP,2830,1
LEP,2831,1
LEP,2832,1
LEP,2833,1
LEP,2834,1
LEP,2835,1
LEP,2836,1
LEP,2837,1
LEP,2838,1
LEP,2839,1
LEP,2840,1
LEP,2841,1
LEP,2842,1
LEP,2843,1
LEP,2844,1
LEP,2845,1
LEP,2846,1
LEP,2847,1
LEP,2848,1
LEP,2849,1
LEP,2850,1
LEP,2851,1
LEP,2852,1
LEP,2853,1
LEP,2854,1
LEP,2855,1
LEP,2856,1
LEP,2857,1
PRP,2858,1
PRP,2859,1
PRP,2860,1
PRP,2861,1
PRP,2862,1
PRP,2863,1
PRP,2864,1
PRP,2865,1
PRP,2866,1
PRP,2867,1
PRP,2868,1
PRP,2869,1
PRP,2870,1
PRP,2871,1
PRP,2872,1
PRP,2873,1
PRP,2874,1
PRP,2875,1
PRP,2876,1
PRP,2877,1
PRP,2878,1
PRP,2879,1
PRP,2880,1
PRP,2881,1
PRP,2882,1
PRP,2883,1
PRP,2884,1
PRP,2887,1
PRP,2888,1
PRP,2889,1
PRP,2890,1
PRP,2891,1
PRP,2892,1
PRP,2893,1
PRP,2894,1
PRP,2895,1
PRP,2896,1
PRP,2897,1
PRP,2898,1
PRP,2899,1
PRP,2900,1
PRP,2901,1
PRP,2902,1
PSE,2903,1
PSE,2905,1
PSE,2906,2
PSE,2907,2
PSE,2908,2
PSE,2909,1
PSE,2910,1
PSE,2911,2
PSE,2912,2
PSE,2913,2
PSE,2915,1
PSE,2916,1
PSE,2917,2
PSE,2918,1
PSE,2919,1
PSE,2920,2
PSE,2921,2
PSE,2923,1
PSE,2924,1
PSE,2925,1
PSE,2926,2
PSE,2928,2
PSE,2929,1
PSE,2930,1
PSE,2931,1
PSE,2932,2
PSE,2933,2
PSE,2934,1
PSE,2935,1
PSE,2936,1
PSE,2937,2
PSE,2938,1
PSE,2939,1
PSE,2940,2
PSE,2942,2
PSE,2943,2
PSE,2944,2
PSE,2945,1
PSE,2946,2
PSE,2947,2
PSE,2948,2
PSE,2949,1
PSE,2950,1
SEOR,2951,2
SEOR,2952,2
SEOR,2953,1
SEOR,2954,1
SEOR,2955,3
SEOR,2956,3
SEOR,2957,1
SEOR,2958,1
SEOR,2959,2
SEOR,2960,2
SEOR,2961,2
SEOR,2962,1
SEOR,2963,1
SEOR,2964,1
SEOR,2965,2
SEOR,2966,2
SEOR,2967,2
SEOR,2968,3
SEOR,2969,3
SEOR,2970,1
SEOR,2971,1
SEOR,2972,1
SEOR,2973,2
SEOR,2974,2
SEOR,2975,3
SEOR,2976,3
SEOR,2977,3
SEOR,2978,1
SEOR,2979,1
SEOR,2983,3
SEOR,2984,3
SEOR,2985,2
SEOR,2986,2
SEOR,2987,2
SEOR,2988,3
SEOR,2989,3
SEOR,2990,2
SEOR,2991,2
SEOR,2992,3
SEOR,2993,3
SEOR,2994,3
SEOR,2995,1
SEOR,2996,1
SEOR,2997,1
SEOR,2998,1
SEOR,2999,1
SEOR,3000,3
SEOR,3001,3
SEOR,3002,2
SEOR,3003,2
SEOR,3004,2
SEOR,3005,2
SEOR,3006,2
SEOR,3007,2
SEOR,3008,3
SEOR,3009,3
SEOR,3010,1
SEOR,3011,1
SEOR,3012,2
SEOR,3013,2
SEOR,3014,1
SEOR,3015,1
SEOR,3016,2
SEOR,3017,2
SEOR,3018,3
SEOR,3019,3
SEOR,3020,3
SEOR,3023,1
SEOR,3024,1
SEOR,3025,1
SEOR,3026,2
SEOR,3027,2
SEOR,3028,2
SEOR,3029,2
SEOR,3030,1
SEOR,3033,3
SEOR,3034,3
SEOR,3035,1
SEOR,3036,3
SEOR,3037,3
SEOR,3038,3
SEOR,3039,1
SEOR,3040,1
SEOR,3041,3
SEOR,3042,3
SEOR,3043,3
SEOR,3044,1
SEOR,3045,1
SEOR,3046,1
SEOR,3047,2
SEOR,3048,2
SEOR,3049,2
SEOR,3050,2
SEOR,3051,2
SEOR,3052,2
SEOR,3056,3
SEOR,3057,3
SEOR,3058,3
SEOR,3059,3
SEOR,3060,3
SEOR,3061,3
SEOR,3062,1
SEOR,3063,1
SEOR,3064,3
SEOR,3065,3
SEOR,3066,1
SEOR,3067,2
SEOR,3068,2
SEPP,3070,2
SEPP,3071,2
SEPP,3072,1
SEPP,3073,1
SEPP,3074,1
SEPP,3075,1
SEPP,3076,1
SEPP,3077,1
SEPP,3078,2
SEPP,3079,2
SEPP,3080,2
SEPP,3081,3
SEPP,3082,3
SEPP,3083,3
SEPP,3084,3
SEPP,3085,3
SEPP,3086,1
SEPP,3087,1
SEPP,3088,2
SEPP,3089,1
SEPP,3090,1
SEPP,3091,2
SEPP,3092,2
SEPP,3093,3
SEPP,3094,3
SEPP,3095,1
SEPP,3096,1
SEPP,3097,3
SEPP,3098,3
SEPP,3099,1
SEPP,3100,1
SEPP,3101,3
SEPP,3102,2
SEPP,3103,2
SEPP,3105,3
SEPP,3106,3
SEPP,3107,3
SEPP,3108,1
SEPP,3109,1
SEPP,3110,1
SEPP,3111,2
SEPP,3112,2
SEPP,3113,1
SEPP,3114,1
SEPP,3115,1
SEPP,3116,1
SEPP,3117,3
SEPP,3118,1
SEPP,3119,1
SEPP,3120,3
SEPP,3121,3
SEPP,3122,3
SEPP,3123,2
SEPP,3124,2
SEPP,3125,2
SEPP,3126,2
SEPP,3127,1
SEPP,3128,1
SEPP,3129,1
SEPP,3130,1
SEPP,3131,1
SEPP,3132,1
SEPP,3133,1
SEPP,3134,2
SEPP,3135,2
SEPP,3136,2
SEPP,3137,1
SEPP,3138,1
SEPP,3139,3
SEPP,3140,3
SEPP,3141,2
SEPP,3142,2
SEPP,3143,3
SEPP,3144,3
SEPP,3145,3
SEPP,3146,3
SEPP,3147,3
SEPP,3148,2
SEPP,3149,2
SEPP,3150,3
SEPP,3151,3
SEPP,3152,1
SEPP,3153,1
SEPP,3154,3
SEPP,3155,1
SEPP,3156,2
SEPP,3157,3
SEPP,3158,1
SEPP,3159,2
SEPP,3160,2
SEPP,3161,2
SEPP,3162,3
SEPP,3163,3
SEPP,3164,3
SEPP,3165,3
SEPP,3166,2
SEPP,3167,2
SEPP,3168,2
AAM,10001,8
AAM,10002,9
AAM,10003,10
AAM,10004,2
AAM,10005,3
AAM,10006,4
AAM,10007,8
AAM,10008,9
AAM,10009,1
AAM,10010,8
AAM,10011,10
AAM,10012,1
AAM,10013,2
AAM,10014,3
AAM,10015,2
AAM,10016,6
AAM,10017,7
AAM,10018,3
AAM,10019,8
AAM,10020,9
AAM,10021,10
AAM,10022,7
AAM,10023,8
AAM,10024,9
AAM,10025,9
AAM,10026,9
AAM,10027,8
AAM,10028,5
AAM,10029,3
AAM,10030,4
AAM,10031,3
AAM,10032,6
AAM,10033,7
AAM,10034,6
AAM,10035,10
AAM,10036,1
AAM,10037,2
AAM,10038,3
AAM,10039,3
AAM,10040,6
AAM,10041,5
AAM,10042,4
AAM,10043,10
AAM,10044,4
AAM,10045,4
AAM,10046,5
AAM,10047,3
AAM,10048,2
AAM,10049,8
AAM,10050,5
AAM,10051,6
AAM,10052,10
AAM,10053,1
AAM,10054,2
AAM,10055,10
AAM,10056,1
AAM,10057,7
AAM,10058,2
AAM,10059,5
AAM,10060,10
AAM,10061,7
AAM,10062,8
AAM,10063,9
AAM,10064,7
AAM,10065,8
AAM,10066,1
AAM,10067,6
AAM,10068,5
AAM,10069,2
AAM,10070,3
AAM,10071,4
AAM,10072,5
AAM,10073,3
AAM,10074,1
AAM,10075,5
AAM,10076,6
AAM,10077,7
AAM,10078,2
AAM,10079,7
AAM,10080,7
AAM,10081,1
AAM,10082,8
AAM,10083,3
AAM,10084,6
AAM,10085,4
AAM,10086,9
AAM,10087,10
AAM,10088,1
AAM,10089,4
AAM,10090,9
AAM,10091,1
AAM,10092,2
AAM,10093,4
AAM,10094,2
AAM,10095,4
AAM,10096,5
AAM,10097,6
AAM,10098,6
AAM,10099,7
AAM,10100,6
AAM,10101,5
AAM,10102,1
AAM,10103,1
AAM,10104,10
AAM,10105,9
AAM,10106,10
AAM,10107,4
AAM,10108,5
AAM,10109,9
AAM,10110,7
AAM,10111,8
ACT,10112,1
ACT,10113,9
ACT,10114,9
ACT,10115,7
ACT,10116,6
ACT,10117,9
ACT,10118,10
ACT,10119,3
ACT,10120,8
ACT,10121,10
ACT,10122,9
ACT,10123,10
ACT,10124,1
ACT,10125,1
ACT,10126,2
ACT,10127,1
ACT,10128,4
ACT,10129,1
ACT,10130,3
ACT,10131,3
ACT,10132,4
ACT,10133,10
ACT,10134,1
ACT,10135,2
ACT,10136,1
ACT,10137,2
ACT,10138,10
ACT,10139,1
ACT,10140,5
ACT,10141,4
ACT,10142,6
ACT,10143,9
ACT,10144,6
ACT,10145,6
ACT,10146,10
ACT,10147,2
ACT,10148,3
ACT,10149,8
ACT,10150,8
ACT,10151,9
ACT,10152,10
ACT,10153,3
ACT,10154,2
ACT,10155,7
ACT,10156,6
ACT,10157,5
ACT,10158,2
ACT,10159,3
ACT,10160,4
ACT,10161,9
ACT,10162,7
ACT,10163,6
ACT,10164,3
ACT,10165,2
ACT,10166,8
ACT,10167,1
ACT,10168,3
ACT,10169,4
ACT,10170,10
ACT,10171,2
ACT,10172,9
ACT,10173,4
ACT,10174,6
ACT,10175,7
ACT,10176,2
ACT,10177,9
ACT,10178,9
ACT,10179,10
ACT,10180,8
ACT,10181,5
ACT,10182,2
ACT,10183,3
ACT,10184,7
ACT,10185,5
ACT,10186,7
ACT,10187,4
ACT,10188,5
ACT,10189,6
ACT,10190,3
ACT,10191,4
ACT,10192,5
ACT,10193,10
ACT,10194,8
ACT,10195,9
ACT,10196,9
ACT,10197,1
ACT,10198,2
ACT,10199,8
ACT,10200,5
ACT,10201,6
ACT,10202,7
ACT,10203,4
ACT,10204,7
ACT,10205,8
ACT,10206,6
ACT,10207,7
ACT,10208,8
ACT,10209,3
ACT,10210,4
ACT,10211,5
ACT,10212,6
ACT,10213,5
ACT,10214,1
ACT,10215,8
ACT,10216,7
ACT,10217,8
ACT,10218,6
ACT,10219,1
ACT,10220,2
ACT,10221,10
ACT,10222,5
ACT,10223,3
ACT,10224,3
ACT,10225,5
ACT,10226,7
ACT,10227,5
ACT,10228,4
ACT,10229,7
ACT,10230,8
ACT,10231,10
ACT,10232,2
ACT,10233,1
ACT,10234,4
ASM,10235,5
ASM,10236,6
ASM,10237,9
ASM,10238,5
ASM,10239,6
ASM,10240,8
ASM,10241,9
ASM,10242,3
ASM,10243,4
ASM,10244,2
ASM,10245,3
ASM,10246,4
ASM,10247,4
ASM,10248,8
ASM,10249,8
ASM,10250,10
ASM,10251,7
ASM,10252,6
ASM,10253,8
ASM,10254,4
ASM,10255,5
ASM,10256,6
ASM,10257,1
ASM,10258,2
ASM,10259,3
ASM,10260,4
ASM,10261,5
ASM,10262,4
ASM,10263,2
ASM,10264,2
ASM,10265,9
ASM,10266,10
ASM,10267,1
ASM,10268,7
ASM,10269,5
ASM,10270,3
ASM,10271,9
ASM,10272,6
ASM,10273,5
ASM,10274,6
ASM,10275,4
ASM,10276,5
ASM,10277,3
ASM,10278,5
ASM,10279,6
ASM,10280,7
ASM,10281,7
ASM,10282,7
ASM,10283,6
ASM,10284,1
ASM,10285,6
ASM,10286,9
ASM,10287,9
ASM,10288,10
ASM,10289,3
ASM,10290,2
ASM,10291,9
ASM,10292,10
ASM,10293,1
ASM,10294,8
ASM,10295,2
ASM,10296,8
ASM,10297,7
ASM,10298,8
ASM,10299,8
ASM,10300,2
ASM,10301,8
ASM,10302,10
ASM,10303,1
ASM,10304,3
ASM,10305,1
ASM,10306,2
ASM,10307,10
ASM,10308,1
ASM,10309,2
ASM,10310,3
ASM,10311,1
ASM,10312,10
ASM,10313,1
ASM,10314,2
ASM,10315,7
ASM,10316,10
ASM,10317,4
ASM,10318,5
ASM,10319,6
ASM,10320,7
ASM,10321,4
ASM,10322,5
ASM,10323,6
ASM,10324,7
ASM,10325,10
ASM,10326,8
ASM,10327,8
ASM,10328,1
ASM,10329,6
ASM,10330,7
ASM,10331,3
ASM,10332,4
ASM,10333,7
ASM,10334,8
ASM,10335,10
ASM,10336,9
ASM,10337,9
ASM,10338,5
ASM,10339,3
ASM,10340,4
ASM,10341,5
ASM,10342,1
ASM,10343,9
ASM,10344,10
ASM,10345,7
ASM,10346,3
ASM,10347,4
ASM,10348,2
ASM,10349,2
ASM,10350,3
ASM,10351,9
ASM,10352,1
BFS,10353,10
BFS,10354,1
BFS,10355,1
BFS,10356,6
BFS,10357,7
BFS,10358,10
BFS,10359,3
BFS,10360,6
BFS,10361,7
BFS,10362,8
BFS,10363,8
BFS,10364,1
BFS,10365,9
BFS,10366,1
BFS,10367,5
BFS,10368,2
BFS,10369,4
BFS,10370,7
BFS,10371,3
BFS,10372,4
BFS,10373,5
BFS,10374,1
BFS,10375,2
BFS,10376,5
BFS,10377,4
BFS,10378,3
BFS,10379,2
BFS,10380,6
BFS,10381,7
BFS,10382,8
BFS,10383,4
BFS,10384,5
BFS,10385,5
BFS,10386,3
BFS,10387,2
BFS,10388,6
BFS,10389,7
BFS,10390,8
BFS,10391,9
BFS,10392,10
BFS,10393,1
BFS,10394,2
BFS,10395,3
BFS,10396,7
BFS,10397,8
BFS,10398,9
BFS,10399,9
BFS,10400,10
BFS,10401,2
BFS,10402,2
BFS,10403,6
BFS,10404,5
BFS,10405,2
BFS,10406,3
BFS,10407,4
BFS,10408,8
BFS,10409,9
BFS,10410,10
BFS,10411,4
BFS,10412,1
BFS,10413,1
BFS,10414,3
BFS,10415,4
BFS,10416,3
BFS,10417,8
BFS,10418,10
BFS,10419,9
BFS,10420,9
BFS,10421,7
BFS,10422,3
BFS,10423,4
BFS,10424,5
BFS,10425,6
BFS,10426,4
BFS,10427,5
BFS,10428,8
BFS,10429,7
BFS,10430,9
BFS,10431,3
BFS,10432,2
BFS,10433,10
BFS,10434,4
BFS,10435,5
BFS,10436,6
BFS,10437,8
BFS,10438,6
BFS,10439,6
BFS,10440,7
BFS,10441,4
BFS,10442,5
BFS,10443,6
BFS,10444,3
BFS,10445,10
BFS,10446,7
BFS,10447,1
BFS,10448,2
BFS,10449,10
BFS,10450,1
BFS,10451,2
BFS,10452,8
BFS,10453,9
BFS,10454,10
BFS,10455,1
BFS,10456,9
BFS,10457,10
BFS,10458,8
BFS,10459,9
BFS,10460,4
BFS,10461,5
BFS,10462,2
BFS,10463,7
BFS,10464,5
BFS,10465,3
BFS,10466,6
BFS,10467,6
BFS,10468,7
BFS,10469,1
BFS,10470,8
BFS,10471,9
BLTDM,10472,9
BLTDM,10473,9
BLTDM,10474,4
BLTDM,10475,4
BLTDM,10476,8
BLTDM,10477,8
BLTDM,10478,9
BLTDM,10479,9
BLTDM,10480,6
BLTDM,10481,6
BLTDM,10482,2
BLTDM,10483,2
BLTDM,10484,3
BLTDM,10485,3
BLTDM,10486,4
BLTDM,10487,4
BLTDM,10488,5
BLTDM,10489,5
BLTDM,10490,4
BLTDM,10491,4
BLTDM,10492,5
BLTDM,10493,5
BLTDM,10494,2
BLTDM,10495,2
BLTDM,10496,5
BLTDM,10497,5
BLTDM,10498,7
BLTDM,10499,7
BLTDM,10500,8
BLTDM,10501,8
BLTDM,10502,8
BLTDM,10503,8
BLTDM,10504,1
BLTDM,10505,1
BLTDM,10506,2
BLTDM,10507,2
BLTDM,10508,3
BLTDM,10509,3
BLTDM,10510,4
BLTDM,10511,4
BLTDM,10512,5
BLTDM,10513,5
BLTDM,10514,7
BLTDM,10515,7
BLTDM,10516,1
BLTDM,10517,1
BLTDM,10518,2
BLTDM,10519,2
BLTDM,10520,4
BLTDM,10521,4
BLTDM,10522,5
BLTDM,10523,5
BLTDM,10524,6
BLTDM,10525,6
BLTDM,10526,7
BLTDM,10527,7
BLTDM,10528,8
BLTDM,10529,8
BLTDM,10530,9
BLTDM,10531,9
BLTDM,10532,1
BLTDM,10533,1
BLTDM,10534,1
BLTDM,10535,1
BLTDM,10536,4
BLTDM,10537,4
BLTDM,10538,2
BLTDM,10539,2
BLTDM,10540,3
BLTDM,10541,3
BLTDM,10542,9
BLTDM,10543,9
BLTDM,10544,10
BLTDM,10545,10
BLTDM,10546,5
BLTDM,10547,5
BLTDM,10548,5
BLTDM,10549,5
BLTDM,10550,1
BLTDM,10551,1
BLTDM,10552,6
BLTDM,10553,6
BLTDM,10554,10
BLTDM,10555,10
BLTDM,10556,3
BLTDM,10557,3
BLTDM,10558,4
BLTDM,10559,4
BLTDM,10560,4
BLTDM,10561,4
BLTDM,10562,2
BLTDM,10563,2
BLTDM,10564,6
BLTDM,10565,6
BLTDM,10566,8
BLTDM,10567,8
BLTDM,10568,2
BLTDM,10569,2
BLTDM,10570,1
BLTDM,10571,1
BLTDM,10572,2
BLTDM,10573,2
BLTDM,10574,3
BLTDM,10575,3
BLTDM,10576,10
BLTDM,10577,10
BLTDM,10578,8
BLTDM,10579,8
BLTDM,10580,6
BLTDM,10581,6
BLTDM,10582,10
BLTDM,10583,10
BLTDM,10584,4
BLTDM,10585,4
BLTDM,10586,2
BLTDM,10587,2
BLTDM,10588,4
BLTDM,10589,4
BLTDM,10590,7
BLTDM,10591,7
BLTDM,10592,1
BLTDM,10593,1
BLTDM,10594,10
BLTDM,10595,10
BLTDM,10596,8
BLTDM,10597,8
BLTDM,10598,8
BLTDM,10599,8
BLTDM,10600,7
BLTDM,10601,7
BLTDM,10602,7
BLTDM,10603,7
BLTDM,10604,8
BLTDM,10605,8
BLTDM,10606,5
BLTDM,10607,5
BLTDM,10608,9
BLTDM,10609,9
BLTDM,10610,4
BLTDM,10611,4
BLTDM,10612,3
BLTDM,10613,3
BLTDM,10614,7
BLTDM,10615,7
BLTDM,10616,8
BLTDM,10617,8
BLTDM,10618,9
BLTDM,10619,9
BLTDM,10620,8
BLTDM,10621,8
BLTDM,10622,6
BLTDM,10623,6
BLTDM,10624,5
BLTDM,10625,5
BLTDM,10626,10
BLTDM,10627,10
BLTDM,10628,6
BLTDM,10629,6
BLTDM,10630,1
BLTDM,10631,1
BLTDM,10632,4
BLTDM,10633,4
BLTDM,10634,5
BLTDM,10635,5
BLTDM,10636,3
BLTDM,10637,3
BLTDM,10638,4
BLTDM,10639,4
BLTDM,10640,7
BLTDM,10641,7
BLTDM,10642,5
BLTDM,10643,5
BLTDM,10644,10
BLTDM,10645,10
BLTDM,10646,7
BLTDM,10647,7
BLTDM,10648,6
BLTDM,10649,6
BLTDM,10650,2
BLTDM,10651,2
BLTDM,10652,3
BLTDM,10653,3
BLTDM,10654,3
BLTDM,10655,3
BLTDM,10656,9
BLTDM,10657,9
BLTDM,10658,10
BLTDM,10659,10
BLTDM,10660,1
BLTDM,10661,1
BLTDM,10662,3
BLTDM,10663,3
BLTDM,10664,2
BLTDM,10665,2
BLTDM,10666,3
BLTDM,10667,3
BLTDM,10668,9
BLTDM,10669,9
BLTDM,10670,10
BLTDM,10671,10
BLTDM,10672,6
BLTDM,10673,6
BLTDM,10674,2
BLTDM,10675,2
BLTDM,10676,7
BLTDM,10677,7
BLTDM,10678,1
BLTDM,10679,1
BLTDM,10680,10
BLTDM,10681,10
BLTDM,10682,7
BLTDM,10683,7
BLTDM,10684,7
BLTDM,10685,7
BLTDM,10686,8
BLTDM,10687,8
BLTDM,10688,3
BLTDM,10689,3
BLTDM,10690,9
BLTDM,10691,9
BLTDM,10692,10
BLTDM,10693,10
BLTDM,10694,9
BLTDM,10695,9
BLTDM,10696,9
BLTDM,10697,9
BLTDM,10698,6
BLTDM,10699,6
BLTDM,10700,6
BLTDM,10701,6
BLTDM,10702,7
BLTDM,10703,7
BLTDM,10704,1
BLTDM,10705,1
BLTDM,10706,1
BLTDM,10707,1
BLTDM,10708,2
BLTDM,10709,2
BLTDM,10710,3
BLTDM,10711,3
BLTDM,10712,4
BLTDM,10713,4
BLTDM,10714,6
BLTDM,10715,6
BLTDM,10716,10
BLTDM,10717,10
BLTDM,10718,5
BLTDM,10719,5
BLTDM,10720,6
BLTDM,10721,6
BLTDM,10722,1
BLTDM,10723,1
BLTDM,10724,1
BLTDM,10725,1
BLTDM,10726,8
BLTDM,10727,8
BLTDM,10728,8
BLTDM,10729,8
BLTDM,10730,7
BLTDM,10731,7
BLTDM,10732,10
BLTDM,10733,10
BLTDM,10734,5
BLTDM,10735,5
BLTDM,10736,9
BLTDM,10737,9
BLTDM,10738,5
BLTDM,10739,5
BLTDM,10740,6
BLTDM,10741,6
BLTDM,10742,3
BLTDM,10743,3
BLTDM,10744,9
BLTDM,10745,9
BLTDM,10746,2
BLTDM,10747,2
BLTDM,10748,9
BLTDM,10749,9
BLTDM,10750,10
BLTDM,10751,10
BSM,10752,2
BSM,10753,3
BSM,10754,5
BSM,10755,10
BSM,10756,2
BSM,10757,1
BSM,10758,1
BSM,10759,2
BSM,10760,6
BSM,10761,10
BSM,10762,1
BSM,10763,5
BSM,10764,9
BSM,10765,3
BSM,10766,4
BSM,10767,8
BSM,10768,5
BSM,10769,6
BSM,10770,7
BSM,10771,3
BSM,10772,4
BSM,10773,6
BSM,10774,7
BSM,10775,8
BSM,10776,3
BSM,10777,8
BSM,10778,7
BSM,10779,8
BSM,10780,9
BSM,10781,10
BSM,10782,2
BSM,10783,8
BSM,10784,4
BSM,10785,1
BSM,10786,4
BSM,10787,8
BSM,10788,9
BSM,10789,6
BSM,10790,7
BSM,10791,5
BSM,10792,6
BSM,10793,9
BSM,10794,8
BSM,10795,4
BSM,10796,9
BSM,10797,10
BSM,10798,1
BSM,10799,2
BSM,10800,5
BSM,10801,6
BSM,10802,7
BSM,10803,8
BSM,10804,3
BSM,10805,4
BSM,10806,1
BSM,10807,3
BSM,10808,10
BSM,10809,3
BSM,10810,4
BSM,10811,5
BSM,10812,9
BSM,10813,3
BSM,10814,4
BSM,10815,3
BSM,10816,10
BSM,10817,1
BSM,10818,2
BSM,10819,10
BSM,10820,1
BSM,10821,1
BSM,10822,3
BSM,10823,4
BSM,10824,4
BSM,10825,6
BSM,10826,5
BSM,10827,6
BSM,10828,1
BSM,10829,1
BSM,10830,4
BSM,10831,3
BSM,10832,10
BSM,10833,3
BSM,10834,7
BSM,10835,3
BSM,10836,6
BSM,10837,7
BSM,10838,9
BSM,10839,4
BSM,10840,4
BSM,10841,5
BSM,10842,6
BSM,10843,10
BSM,10844,2
BSM,10845,2
BSM,10846,7
BSM,10847,8
BSM,10848,9
BSM,10849,10
BSM,10850,5
BSM,10851,9
BSM,10852,10
BSM,10853,2
BSM,10854,2
BSM,10855,1
BSM,10856,1
BSM,10857,5
BSM,10858,6
BSM,10859,7
BSM,10860,8
BSM,10861,2
BSM,10862,6
BSM,10863,7
BSM,10864,8
BSM,10865,9
BSM,10866,5
BSM,10867,2
BSM,10868,9
BSM,10869,10
BSM,10870,7
BSM,10871,5
BSM,10872,6
BSM,10873,2
BSM,10874,5
BSM,10875,8
BSM,10876,9
BSM,10877,7
BTDM,10878,2
BTDM,10879,2
BTDM,10880,7
BTDM,10881,7
BTDM,10882,8
BTDM,10883,8
BTDM,10884,6
BTDM,10885,6
BTDM,10886,9
BTDM,10887,9
BTDM,10888,6
BTDM,10889,6
BTDM,10890,7
BTDM,10891,7
BTDM,10892,2
BTDM,10893,2
BTDM,10894,3
BTDM,10895,3
BTDM,10896,4
BTDM,10897,4
BTDM,10898,8
BTDM,10899,8
BTDM,10900,5
BTDM,10901,5
BTDM,10902,10
BTDM,10903,10
BTDM,10904,5
BTDM,10905,5
BTDM,10906,9
BTDM,10907,9
BTDM,10908,6
BTDM,10909,6
BTDM,10910,4
BTDM,10911,4
BTDM,10912,5
BTDM,10913,5
BTDM,10914,6
BTDM,10915,6
BTDM,10916,7
BTDM,10917,7
BTDM,10918,8
BTDM,10919,8
BTDM,10920,9
BTDM,10921,9
BTDM,10922,5
BTDM,10923,5
BTDM,10924,6
BTDM,10925,6
BTDM,10926,7
BTDM,10927,7
BTDM,10928,8
BTDM,10929,8
BTDM,10930,10
BTDM,10931,10
BTDM,10932,9
BTDM,10933,9
BTDM,10934,10
BTDM,10935,10
BTDM,10936,1
BTDM,10937,1
BTDM,10938,1
BTDM,10939,1
BTDM,10940,7
BTDM,10941,7
BTDM,10942,7
BTDM,10943,7
BTDM,10944,6
BTDM,10945,6
BTDM,10946,2
BTDM,10947,2
BTDM,10948,1
BTDM,10949,1
BTDM,10950,1
BTDM,10951,1
BTDM,10952,3
BTDM,10953,3
BTDM,10954,3
BTDM,10955,3
BTDM,10956,5
BTDM,10957,5
BTDM,10958,6
BTDM,10959,6
BTDM,10960,7
BTDM,10961,7
BTDM,10962,8
BTDM,10963,8
BTDM,10964,9
BTDM,10965,9
BTDM,10966,2
BTDM,10967,2
BTDM,10968,3
BTDM,10969,3
BTDM,10970,6
BTDM,10971,6
BTDM,10972,7
BTDM,10973,7
BTDM,10974,9
BTDM,10975,9
BTDM,10976,3
BTDM,10977,3
BTDM,10978,4
BTDM,10979,4
BTDM,10980,6
BTDM,10981,6
BTDM,10982,9
BTDM,10983,9
BTDM,10984,10
BTDM,10985,10
BTDM,10986,1
BTDM,10987,1
BTDM,10988,2
BTDM,10989,2
BTDM,10990,10
BTDM,10991,10
BTDM,10992,10
BTDM,10993,10
BTDM,10994,1
BTDM,10995,1
BTDM,10996,3
BTDM,10997,3
BTDM,10998,4
BTDM,10999,4
BTDM,11000,3
BTDM,11001,3
BTDM,11002,4
BTDM,11003,4
BTDM,11004,5
BTDM,11005,5
BTDM,11006,5
BTDM,11007,5
BTDM,11008,7
BTDM,11009,7
BTDM,11010,8
BTDM,11011,8
BTDM,11012,10
BTDM,11013,10
BTDM,11014,1
BTDM,11015,1
BTDM,11016,2
BTDM,11017,2
BTDM,11018,4
BTDM,11019,4
BTDM,11020,1
BTDM,11021,1
BTDM,11022,7
BTDM,11023,7
BTDM,11024,2
BTDM,11025,2
BTDM,11026,3
BTDM,11027,3
BTDM,11028,2
BTDM,11029,2
BTDM,11030,5
BTDM,11031,5
BTDM,11032,3
BTDM,11033,3
BTDM,11034,10
BTDM,11035,10
BTDM,11036,1
BTDM,11037,1
BTDM,11038,3
BTDM,11039,3
BTDM,11040,4
BTDM,11041,4
BTDM,11042,8
BTDM,11043,8
BTDM,11044,7
BTDM,11045,7
BTDM,11046,8
BTDM,11047,8
BTDM,11048,9
BTDM,11049,9
BTDM,11050,4
BTDM,11051,4
BTDM,11052,7
BTDM,11053,7
BTDM,11054,2
BTDM,11055,2
BTDM,11056,6
BTDM,11057,6
BTDM,11058,7
BTDM,11059,7
BTDM,11060,1
BTDM,11061,1
BTDM,11062,9
BTDM,11063,9
BTDM,11064,10
BTDM,11065,10
BTDM,11066,10
BTDM,11067,10
BTDM,11068,4
BTDM,11069,4
BTDM,11070,5
BTDM,11071,5
BTDM,11072,6
BTDM,11073,6
BTDM,11074,4
BTDM,11075,4
BTDM,11076,5
BTDM,11077,5
BTDM,11078,8
BTDM,11079,8
BTDM,11080,9
BTDM,11081,9
BTDM,11082,10
BTDM,11083,10
BTDM,11084,2
BTDM,11085,2
BTDM,11086,9
BTDM,11087,9
BTDM,11088,2
BTDM,11089,2
BTDM,11090,5
BTDM,11091,5
BTDM,11092,5
BTDM,11093,5
BTDM,11094,6
BTDM,11095,6
BTDM,11096,10
BTDM,11097,10
BTDM,11098,1
BTDM,11099,1
BTDM,11100,8
BTDM,11101,8
BTDM,11102,9
BTDM,11103,9
BTDM,11104,9
BTDM,11105,9
BTDM,11106,1
BTDM,11107,1
BTDM,11108,6
BTDM,11109,6
BTDM,11110,4
BTDM,11111,4
BTDM,11112,10
BTDM,11113,10
BTDM,11114,1
BTDM,11115,1
BTDM,11116,2
BTDM,11117,2
BTDM,11118,5
BTDM,11119,5
BTDM,11120,4
BTDM,11121,4
BTDM,11122,2
BTDM,11123,2
BTDM,11124,3
BTDM,11125,3
BTDM,11126,4
BTDM,11127,4
BTDM,11128,3
BTDM,11129,3
BTDM,11130,4
BTDM,11131,4
BTDM,11132,7
BTDM,11133,7
BTDM,11134,1
BTDM,11135,1
BTDM,11136,2
BTDM,11137,2
BTDM,11138,3
BTDM,11139,3
BTDM,11140,6
BTDM,11141,6
BTDM,11142,4
BTDM,11143,4
BTDM,11144,5
BTDM,11145,5
BTDM,11146,6
BTDM,11147,6
BTDM,11148,8
BTDM,11149,8
BTDM,11150,7
BTDM,11151,7
BTDM,11152,3
BTDM,11153,3
BTDM,11154,3
BTDM,11155,3
BTDM,11156,10
BTDM,11157,10
BTDM,11158,8
BTDM,11159,8
BTDM,11160,2
BTDM,11161,2
BTDM,11162,5
BTDM,11163,5
BTDM,11164,9
BTDM,11165,9
BTDM,11166,10
BTDM,11167,10
BTDM,11168,1
BTDM,11169,1
BTDM,11170,8
BTDM,11171,8
BTDM,11172,8
BTDM,11173,8
BTDM,11174,9
BTDM,11175,9
BTDM,11176,1
BTDM,11177,1
BTDM,11178,2
BTDM,11179,2
BTDM,11180,3
BTDM,11181,3
BTDM,11182,8
BTDM,11183,8
ENT,11208,9
ENT,11209,10
ENT,11210,4
ENT,11211,3
ENT,11212,4
ENT,11213,4
ENT,11214,8
ENT,11215,7
ENT,11216,9
ENT,11217,9
ENT,11218,1
ENT,11219,2
ENT,11220,3
ENT,11221,1
ENT,11222,5
ENT,11223,5
ENT,11224,6
ENT,11225,7
ENT,11226,8
ENT,11227,9
ENT,11228,8
ENT,11229,2
ENT,11230,3
ENT,11231,7
ENT,11232,9
ENT,11233,6
ENT,11234,8
ENT,11235,4
ENT,11236,5
ENT,11237,2
ENT,11238,1
ENT,11239,2
ENT,11240,6
ENT,11241,1
ENT,11242,2
ENT,11243,3
ENT,11244,6
ENT,11245,3
ENT,11246,4
ENT,11247,5
ENT,11248,6
ENT,11249,10
ENT,11250,1
ENT,11251,2
ENT,11252,2
ENT,11253,10
ENT,11254,7
ENT,11255,8
ENT,11256,5
ENT,11257,3
ENT,11258,10
ENT,11259,1
ENT,11260,8
ENT,11261,9
ENT,11262,6
ENT,11263,7
ENT,11264,5
ENT,11265,8
ENT,11266,9
ENT,11267,7
ENT,11268,10
ENT,11269,4
ENT,11270,5
ENT,11271,8
ENT,11272,6
ENT,11273,1
ENT,11274,7
ENT,11275,9
ENT,11276,1
ENT,11277,6
ENT,11278,6
ENT,11279,2
ENT,11280,7
ENT,11281,9
ENT,11282,10
ENT,11283,1
ENT,11284,4
ENT,11285,10
ENT,11286,2
ENT,11287,9
ENT,11288,3
ENT,11289,3
ENT,11290,4
ENT,11292,7
ENT,11293,5
ENT,11294,2
ENT,11295,10
ENT,11296,3
ENT,11297,10
ENT,11298,5
ENT,11299,4
ENT,11300,5
ENT,11301,6
ENT,11302,8
ENT,11303,9
ENT,11304,10
ENT,11305,1
ENT,11306,2
ENT,11307,1
ENT,11308,5
ENT,11309,7
ENT,11310,4
ENT,11311,5
ENT,11312,6
ENT,11313,1
ENT,11314,2
ENT,11315,3
ENT,11316,3
ENT,11317,5
ENT,11318,6
ENT,11319,4
ENT,11320,7
ENT,11321,4
ENT,11322,10
ENT,11323,6
ENT,11324,8
ENT,11325,8
ENT,11326,3
ENT,11327,3
ENT,11328,4
ENT,11329,7
ENT,11330,8
ENT,11331,10
ENT,11332,1
ENT,11333,9
ETDM,11334,9
ETDM,11335,9
ETDM,11336,10
ETDM,11337,10
ETDM,11338,5
ETDM,11339,5
ETDM,11340,6
ETDM,11341,6
ETDM,11342,7
ETDM,11343,7
ETDM,11344,9
ETDM,11345,9
ETDM,11346,10
ETDM,11347,10
ETDM,11348,9
ETDM,11349,9
ETDM,11350,3
ETDM,11351,3
ETDM,11352,1
ETDM,11353,1
ETDM,11354,8
ETDM,11355,8
ETDM,11356,9
ETDM,11357,9
ETDM,11358,6
ETDM,11359,6
ETDM,11360,7
ETDM,11361,7
ETDM,11362,9
ETDM,11363,9
ETDM,11364,10
ETDM,11365,10
ETDM,11366,6
ETDM,11367,6
ETDM,11368,7
ETDM,11369,7
ETDM,11370,1
ETDM,11371,1
ETDM,11372,2
ETDM,11373,2
ETDM,11374,3
ETDM,11375,3
ETDM,11376,5
ETDM,11377,5
ETDM,11378,2
ETDM,11379,2
ETDM,11380,5
ETDM,11381,5
ETDM,11382,6
ETDM,11383,6
ETDM,11384,3
ETDM,11385,3
ETDM,11386,3
ETDM,11387,3
ETDM,11388,7
ETDM,11389,7
ETDM,11390,1
ETDM,11391,1
ETDM,11392,9
ETDM,11393,9
ETDM,11394,10
ETDM,11395,10
ETDM,11396,1
ETDM,11397,1
ETDM,11398,2
ETDM,11399,2
ETDM,11400,3
ETDM,11401,3
ETDM,11402,8
ETDM,11403,8
ETDM,11404,9
ETDM,11405,9
ETDM,11406,10
ETDM,11407,10
ETDM,11408,1
ETDM,11409,1
ETDM,11410,1
ETDM,11411,1
ETDM,11412,8
ETDM,11413,8
ETDM,11414,6
ETDM,11415,6
ETDM,11416,3
ETDM,11417,3
ETDM,11418,2
ETDM,11419,2
ETDM,11420,8
ETDM,11421,8
ETDM,11422,3
ETDM,11423,3
ETDM,11424,4
ETDM,11425,4
ETDM,11426,6
ETDM,11427,6
ETDM,11428,10
ETDM,11429,10
ETDM,11430,3
ETDM,11431,3
ETDM,11432,7
ETDM,11433,7
ETDM,11434,8
ETDM,11435,8
ETDM,11436,10
ETDM,11437,10
ETDM,11438,5
ETDM,11439,5
ETDM,11440,8
ETDM,11441,8
ETDM,11442,5
ETDM,11443,5
ETDM,11444,5
ETDM,11445,5
ETDM,11446,4
ETDM,11447,4
ETDM,11448,10
ETDM,11449,10
ETDM,11450,7
ETDM,11451,7
ETDM,11452,4
ETDM,11453,4
ETDM,11454,5
ETDM,11455,5
ETDM,11456,4
ETDM,11457,4
ETDM,11458,8
ETDM,11459,8
ETDM,11460,7
ETDM,11461,7
ETDM,11462,8
ETDM,11463,8
ETDM,11464,6
ETDM,11465,6
ETDM,11466,2
ETDM,11467,2
ETDM,11468,5
ETDM,11469,5
ETDM,11470,9
ETDM,11471,9
ETDM,11472,10
ETDM,11473,10
ETDM,11474,1
ETDM,11475,1
ETDM,11476,7
ETDM,11477,7
ETDM,11478,6
ETDM,11479,6
ETDM,11480,1
ETDM,11481,1
ETDM,11482,1
ETDM,11483,1
ETDM,11484,3
ETDM,11485,3
ETDM,11486,6
ETDM,11487,6
ETDM,11488,7
ETDM,11489,7
ETDM,11490,4
ETDM,11491,4
ETDM,11492,8
ETDM,11493,8
ETDM,11494,1
ETDM,11495,1
ETDM,11496,2
ETDM,11497,2
ETDM,11498,1
ETDM,11499,1
ETDM,11500,10
ETDM,11501,10
ETDM,11502,4
ETDM,11503,4
ETDM,11504,8
ETDM,11505,8
ETDM,11506,9
ETDM,11507,9
ETDM,11508,10
ETDM,11509,10
ETDM,11510,1
ETDM,11511,1
ETDM,11512,2
ETDM,11513,2
ETDM,11514,6
ETDM,11515,6
ETDM,11516,2
ETDM,11517,2
ETDM,11518,3
ETDM,11519,3
ETDM,11520,4
ETDM,11521,4
ETDM,11522,3
ETDM,11523,3
ETDM,11524,4
ETDM,11525,4
ETDM,11526,4
ETDM,11527,4
ETDM,11528,5
ETDM,11529,5
ETDM,11530,6
ETDM,11531,6
ETDM,11532,2
ETDM,11533,2
ETDM,11534,2
ETDM,11535,2
ETDM,11536,3
ETDM,11537,3
ETDM,11538,6
ETDM,11539,6
ETDM,11540,5
ETDM,11541,5
ETDM,11542,9
ETDM,11543,9
ETDM,11544,3
ETDM,11545,3
ETDM,11546,4
ETDM,11547,4
ETDM,11548,5
ETDM,11549,5
ETDM,11550,10
ETDM,11551,10
ETDM,11552,9
ETDM,11553,9
ETDM,11554,2
ETDM,11555,2
ETDM,11556,1
ETDM,11557,1
ETDM,11558,6
ETDM,11559,6
ETDM,11560,4
ETDM,11561,4
ETDM,11562,5
ETDM,11563,5
ETDM,11564,2
ETDM,11565,2
ETDM,11566,3
ETDM,11567,3
ETDM,11568,8
ETDM,11569,8
ETDM,11570,9
ETDM,11571,9
ETDM,11572,10
ETDM,11573,10
ETDM,11574,5
ETDM,11575,5
ETDM,11576,7
ETDM,11577,7
ETDM,11578,8
ETDM,11579,8
ETDM,11580,7
ETDM,11581,7
ETDM,11582,4
ETDM,11583,4
ETDM,11584,5
ETDM,11585,5
ETDM,11586,6
ETDM,11587,6
ETDM,11588,4
ETDM,11589,4
ETDM,11590,1
ETDM,11591,1
ETDM,11592,7
ETDM,11593,7
ETDM,11594,9
ETDM,11595,9
ETDM,11596,7
ETDM,11597,7
ETDM,11598,10
ETDM,11599,10
ETDM,11600,2
ETDM,11601,2
ETDM,11602,4
ETDM,11603,4
ETDM,11604,8
ETDM,11605,8
ETDM,11606,7
ETDM,11607,7
ETDM,11608,2
ETDM,11609,2
ETDM,11610,8
ETDM,11611,8
ETDM,11612,9
ETDM,11613,9
FMS,11614,6
FMS,11615,7
FMS,11616,4
FMS,11617,3
FMS,11618,5
FMS,11619,6
FMS,11620,3
FMS,11621,4
FMS,11622,5
FMS,11623,6
FMS,11624,7
FMS,11625,6
FMS,11626,2
FMS,11627,1
FMS,11628,2
FMS,11629,10
FMS,11630,6
FMS,11631,6
FMS,11632,9
FMS,11633,10
FMS,11634,5
FMS,11635,9
FMS,11636,4
FMS,11637,5
FMS,11638,6
FMS,11639,3
FMS,11640,4
FMS,11641,5
FMS,11642,6
FMS,11643,9
FMS,11644,10
FMS,11645,1
FMS,11646,2
FMS,11647,4
FMS,11648,10
FMS,11649,7
FMS,11650,1
FMS,11651,2
FMS,11652,8
FMS,11653,8
FMS,11654,2
FMS,11655,2
FMS,11656,9
FMS,11657,4
FMS,11658,7
FMS,11659,8
FMS,11660,8
FMS,11661,8
FMS,11662,9
FMS,11663,10
FMS,11664,1
FMS,11665,4
FMS,11666,5
FMS,11667,4
FMS,11668,3
FMS,11669,7
FMS,11670,8
FMS,11671,7
FMS,11672,1
FMS,11673,2
FMS,11674,7
FMS,11675,8
FMS,11676,2
FMS,11677,10
FMS,11678,7
FMS,11679,8
FMS,11680,6
FMS,11681,5
FMS,11682,3
FMS,11683,7
FMS,11684,3
FMS,11685,3
FMS,11686,9
FMS,11687,4
FMS,11688,7
FMS,11689,5
FMS,11690,3
FMS,11691,3
FMS,11692,8
FMS,11693,9
FMS,11694,1
FMS,11695,6
FMS,11696,5
FMS,11697,10
FMS,11698,1
FMS,11699,2
FMS,11700,6
FMS,11701,9
FMS,11702,4
FMS,11703,2
FMS,11704,8
FMS,11705,4
FMS,11706,4
FMS,11707,1
FMS,11708,2
FMS,11709,3
FMS,11710,6
FMS,11711,3
FMS,11712,5
FMS,11713,1
FMS,11714,10
FMS,11715,10
FMS,11716,1
FMS,11717,2
FMS,11718,1
FMS,11719,7
FMS,11720,3
FMS,11721,10
FMS,11722,9
FMS,11723,5
FMS,11724,5
FMS,11725,9
FMS,11726,7
FMS,11727,8
FMS,11728,9
FMS,11729,10
FMS,11730,1
FTDM,11731,6
FTDM,11732,6
FTDM,11733,7
FTDM,11734,7
FTDM,11735,10
FTDM,11736,10
FTDM,11737,1
FTDM,11738,1
FTDM,11739,2
FTDM,11740,2
FTDM,11741,10
FTDM,11742,10
FTDM,11743,5
FTDM,11744,5
FTDM,11745,5
FTDM,11746,5
FTDM,11747,2
FTDM,11748,2
FTDM,11749,9
FTDM,11750,9
FTDM,11751,10
FTDM,11752,10
FTDM,11753,10
FTDM,11754,10
FTDM,11755,3
FTDM,11756,3
FTDM,11757,5
FTDM,11758,5
FTDM,11759,1
FTDM,11760,1
FTDM,11761,2
FTDM,11762,2
FTDM,11763,5
FTDM,11764,5
FTDM,11765,5
FTDM,11766,5
FTDM,11767,4
FTDM,11768,4
FTDM,11769,2
FTDM,11770,2
FTDM,11771,10
FTDM,11772,10
FTDM,11773,3
FTDM,11774,3
FTDM,11775,4
FTDM,11776,4
FTDM,11777,5
FTDM,11778,5
FTDM,11779,6
FTDM,11780,6
FTDM,11781,9
FTDM,11782,9
FTDM,11783,10
FTDM,11784,10
FTDM,11785,6
FTDM,11786,6
FTDM,11787,7
FTDM,11788,7
FTDM,11789,8
FTDM,11790,8
FTDM,11791,9
FTDM,11792,9
FTDM,11793,2
FTDM,11794,2
FTDM,11795,3
FTDM,11796,3
FTDM,11797,9
FTDM,11798,9
FTDM,11799,4
FTDM,11800,4
FTDM,11801,7
FTDM,11802,7
FTDM,11803,3
FTDM,11804,3
FTDM,11805,3
FTDM,11806,3
FTDM,11807,2
FTDM,11808,2
FTDM,11809,10
FTDM,11810,10
FTDM,11811,4
FTDM,11812,4
FTDM,11813,5
FTDM,11814,5
FTDM,11815,4
FTDM,11816,4
FTDM,11817,6
FTDM,11818,6
FTDM,11819,5
FTDM,11820,5
FTDM,11821,4
FTDM,11822,4
FTDM,11823,3
FTDM,11824,3
FTDM,11825,7
FTDM,11826,7
FTDM,11827,2
FTDM,11828,2
FTDM,11829,1
FTDM,11830,1
FTDM,11831,8
FTDM,11832,8
FTDM,11833,8
FTDM,11834,8
FTDM,11835,1
FTDM,11836,1
FTDM,11837,2
FTDM,11838,2
FTDM,11839,3
FTDM,11840,3
FTDM,11841,1
FTDM,11842,1
FTDM,11843,7
FTDM,11844,7
FTDM,11845,8
FTDM,11846,8
FTDM,11847,5
FTDM,11848,5
FTDM,11849,10
FTDM,11850,10
FTDM,11851,6
FTDM,11852,6
FTDM,11853,7
FTDM,11854,7
FTDM,11855,1
FTDM,11856,1
FTDM,11857,1
FTDM,11858,1
FTDM,11859,8
FTDM,11860,8
FTDM,11861,4
FTDM,11862,4
FTDM,11863,4
FTDM,11864,4
FTDM,11865,2
FTDM,11866,2
FTDM,11867,3
FTDM,11868,3
FTDM,11869,1
FTDM,11870,1
FTDM,11871,2
FTDM,11872,2
FTDM,11873,3
FTDM,11874,3
FTDM,11875,7
FTDM,11876,7
FTDM,11877,8
FTDM,11878,8
FTDM,11879,1
FTDM,11880,1
FTDM,11881,2
FTDM,11882,2
FTDM,11883,8
FTDM,11884,8
FTDM,11885,7
FTDM,11886,7
FTDM,11887,10
FTDM,11888,10
FTDM,11889,1
FTDM,11890,1
FTDM,11891,4
FTDM,11892,4
FTDM,11893,4
FTDM,11894,4
FTDM,11895,10
FTDM,11896,10
FTDM,11897,1
FTDM,11898,1
FTDM,11899,3
FTDM,11900,3
FTDM,11901,4
FTDM,11902,4
FTDM,11903,6
FTDM,11904,6
FTDM,11905,9
FTDM,11906,9
FTDM,11907,10
FTDM,11908,10
FTDM,11909,9
FTDM,11910,9
FTDM,11911,9
FTDM,11912,9
FTDM,11913,5
FTDM,11914,5
FTDM,11915,6
FTDM,11916,6
FTDM,11917,3
FTDM,11918,3
FTDM,11919,4
FTDM,11920,4
FTDM,11921,8
FTDM,11922,8
FTDM,11923,7
FTDM,11924,7
FTDM,11925,8
FTDM,11926,8
FTDM,11927,1
FTDM,11928,1
FTDM,11929,8
FTDM,11930,8
FTDM,11931,9
FTDM,11932,9
FTDM,11933,6
FTDM,11934,6
FTDM,11935,4
FTDM,11936,4
FTDM,11937,5
FTDM,11938,5
FTDM,11939,4
FTDM,11940,4
FTDM,11941,9
FTDM,11942,9
FTDM,11943,7
FTDM,11944,7
FTDM,11945,6
FTDM,11946,6
FTDM,11947,9
FTDM,11948,9
FTDM,11949,9
FTDM,11950,9
FTDM,11951,9
FTDM,11952,9
FTDM,11953,2
FTDM,11954,2
FTDM,11955,3
FTDM,11956,3
FTDM,11957,6
FTDM,11958,6
FTDM,11959,7
FTDM,11960,7
FTDM,11961,8
FTDM,11962,8
FTDM,11963,2
FTDM,11964,2
FTDM,11965,5
FTDM,11966,5
FTDM,11967,6
FTDM,11968,6
FTDM,11969,5
FTDM,11970,5
FTDM,11971,5
FTDM,11972,5
FTDM,11973,6
FTDM,11974,6
FTDM,11975,7
FTDM,11976,7
FTDM,11977,10
FTDM,11978,10
FTDM,11979,1
FTDM,11980,1
FTDM,11981,2
FTDM,11982,2
FTDM,11983,3
FTDM,11984,3
FTDM,11985,9
FTDM,11986,9
FTDM,11987,10
FTDM,11988,10
FTDM,11989,1
FTDM,11990,1
FTDM,11991,2
FTDM,11992,2
FTDM,11993,3
FTDM,11994,3
FTDM,11995,8
FTDM,11996,8
FTDM,11997,9
FTDM,11998,9
FTDM,11999,8
FTDM,12000,8
FTDM,12001,1
FTDM,12002,1
FTDM,12003,6
FTDM,12004,6
FTDM,12005,3
FTDM,12006,3
FTDM,12007,6
FTDM,12008,6
FTDM,12009,7
FTDM,12010,7
FTDM,12011,10
FTDM,12012,10
FTDM,12013,5
FTDM,12014,5
FTDM,12015,6
FTDM,12016,6
FTDM,12017,4
FTDM,12018,4
FTDM,12019,7
FTDM,12020,7
FTDM,12021,8
FTDM,12022,8
HLM,12023,8
HLM,12024,6
HLM,12025,4
HLM,12026,1
HLM,12028,8
HLM,12029,7
HLM,12030,2
HLM,12031,1
HLM,12032,2
HLM,12033,3
HLM,12034,4
HLM,12035,1
HLM,12036,2
HLM,12037,6
HLM,12038,2
HLM,12039,9
HLM,12040,10
HLM,12041,7
HLM,12042,8
HLM,12043,8
HLM,12044,7
HLM,12045,8
HLM,12046,9
HLM,12047,10
HLM,12048,5
HLM,12049,6
HLM,12050,6
HLM,12051,7
HLM,12052,5
HLM,12053,5
HLM,12054,6
HLM,12055,7
HLM,12056,6
HLM,12057,6
HLM,12058,3
HLM,12059,4
HLM,12060,1
HLM,12061,2
HLM,12062,9
HLM,12063,3
HLM,12064,4
HLM,12065,7
HLM,12066,1
HLM,12067,2
HLM,12068,3
HLM,12069,5
HLM,12070,5
HLM,12071,8
HLM,12072,8
HLM,12073,9
HLM,12074,10
HLM,12075,1
HLM,12076,4
HLM,12077,10
HLM,12078,10
HLM,12079,1
HLM,12080,10
HLM,12081,1
HLM,12082,5
HLM,12083,9
HLM,12084,10
HLM,12085,4
HLM,12086,1
HLM,12087,9
HLM,12088,10
HLM,12089,2
HLM,12090,4
HLM,12091,9
HLM,12092,5
HLM,12093,5
HLM,12094,6
HLM,12095,7
HLM,12096,3
HLM,12097,4
HLM,12098,10
HLM,12099,2
HLM,12100,3
HLM,12101,7
HLM,12102,8
HLM,12103,9
HLM,12104,10
HLM,12105,8
HLM,12106,9
HLM,12107,8
HLM,12108,3
HLM,12109,6
HLM,12110,5
HLM,12111,6
HLM,12112,7
HLM,12113,2
HLM,12114,3
HLM,12115,4
HLM,12116,3
HLM,12117,3
HLM,12118,4
HLM,12119,1
HLM,12120,2
HLM,12121,1
HLM,12122,2
HLM,12123,3
HLM,12124,4
HLM,12125,7
HLM,12126,3
HLM,12127,8
HLM,12128,7
HLM,12129,2
HLM,12130,5
HLM,12131,1
HLM,12132,5
HLM,12133,9
HLM,12134,9
HLM,12135,10
HLM,12136,6
HRM,12137,6
HRM,12138,9
HRM,12139,10
HRM,12140,1
HRM,12141,7
HRM,12142,8
HRM,12143,2
HRM,12144,7
HRM,12145,6
HRM,12146,8
HRM,12147,9
HRM,12148,9
HRM,12149,1
HRM,12150,1
HRM,12151,3
HRM,12152,7
HRM,12153,8
HRM,12154,3
HRM,12155,8
HRM,12156,9
HRM,12157,10
HRM,12158,1
HRM,12159,2
HRM,12160,6
HRM,12161,7
HRM,12162,8
HRM,12163,8
HRM,12164,9
HRM,12165,8
HRM,12166,5
HRM,12167,6
HRM,12168,7
HRM,12169,8
HRM,12170,9
HRM,12171,4
HRM,12172,5
HRM,12173,6
HRM,12174,7
HRM,12175,3
HRM,12176,3
HRM,12177,4
HRM,12178,4
HRM,12179,8
HRM,12180,9
HRM,12181,10
HRM,12182,10
HRM,12183,2
HRM,12184,1
HRM,12185,2
HRM,12186,1
HRM,12187,2
HRM,12188,4
HRM,12189,5
HRM,12190,6
HRM,12191,4
HRM,12192,5
HRM,12193,4
HRM,12194,5
HRM,12195,6
HRM,12196,3
HRM,12197,4
HRM,12198,6
HRM,12199,6
HRM,12200,5
HRM,12201,4
HRM,12202,3
HRM,12203,5
HRM,12204,5
HRM,12205,3
HRM,12206,6
HRM,12207,2
HRM,12208,1
HRM,12209,4
HRM,12210,1
HRM,12211,2
HRM,12212,3
HRM,12213,4
HRM,12214,6
HRM,12215,2
HRM,12216,3
HRM,12217,7
HRM,12218,4
HRM,12219,10
HRM,12220,3
HRM,12221,5
HRM,12222,10
HRM,12223,1
HRM,12224,2
HRM,12225,3
HRM,12226,1
HRM,12227,2
HRM,12228,5
HRM,12229,6
HRM,12230,7
HRM,12231,1
HRM,12232,10
HRM,12233,7
HRM,12234,8
HRM,12235,9
HRM,12236,10
HRM,12237,9
HRM,12238,3
HRM,12239,10
HRM,12240,8
HRM,12241,10
HRM,12242,4
HRM,12243,4
HRM,12244,6
HRM,12245,7
HRM,12246,8
HRM,12247,9
HRM,12248,5
HRM,12249,5
HRM,12250,1
HRM,12251,2
HRM,12252,1
HRM,12253,7
HRM,12254,9
HRM,12255,10
HRM,12256,2
HRM,12257,7
HRM,12258,2
HRM,12259,3
HRM,12260,5
HRM,12261,10
HRM,12262,9
HTDM,12263,4
HTDM,12264,4
HTDM,12265,5
HTDM,12266,5
HTDM,12267,1
HTDM,12268,1
HTDM,12269,9
HTDM,12270,9
HTDM,12271,10
HTDM,12272,10
HTDM,12273,1
HTDM,12274,1
HTDM,12275,4
HTDM,12276,4
HTDM,12277,6
HTDM,12278,6
HTDM,12279,8
HTDM,12280,8
HTDM,12281,7
HTDM,12282,7
HTDM,12283,8
HTDM,12284,8
HTDM,12285,9
HTDM,12286,9
HTDM,12287,10
HTDM,12288,10
HTDM,12289,6
HTDM,12290,6
HTDM,12291,10
HTDM,12292,10
HTDM,12293,8
HTDM,12294,8
HTDM,12295,2
HTDM,12296,2
HTDM,12297,9
HTDM,12298,9
HTDM,12299,1
HTDM,12300,1
HTDM,12301,2
HTDM,12302,2
HTDM,12303,3
HTDM,12304,3
HTDM,12305,8
HTDM,12306,8
HTDM,12307,8
HTDM,12308,8
HTDM,12309,10
HTDM,12310,10
HTDM,12311,1
HTDM,12312,1
HTDM,12313,7
HTDM,12314,7
HTDM,12315,8
HTDM,12316,8
HTDM,12317,7
HTDM,12318,7
HTDM,12319,10
HTDM,12320,10
HTDM,12321,2
HTDM,12322,2
HTDM,12323,6
HTDM,12324,6
HTDM,12325,6
HTDM,12326,6
HTDM,12327,10
HTDM,12328,10
HTDM,12329,10
HTDM,12330,10
HTDM,12331,6
HTDM,12332,6
HTDM,12333,7
HTDM,12334,7
HTDM,12335,10
HTDM,12336,10
HTDM,12337,5
HTDM,12338,5
HTDM,12339,2
HTDM,12340,2
HTDM,12341,3
HTDM,12342,3
HTDM,12343,6
HTDM,12344,6
HTDM,12345,9
HTDM,12346,9
HTDM,12347,5
HTDM,12348,5
HTDM,12349,6
HTDM,12350,6
HTDM,12351,4
HTDM,12352,4
HTDM,12353,5
HTDM,12354,5
HTDM,12355,5
HTDM,12356,5
HTDM,12357,6
HTDM,12358,6
HTDM,12359,4
HTDM,12360,4
HTDM,12361,5
HTDM,12362,5
HTDM,12363,9
HTDM,12364,9
HTDM,12365,8
HTDM,12366,8
HTDM,12367,3
HTDM,12368,3
HTDM,12369,5
HTDM,12370,5
HTDM,12371,8
HTDM,12372,8
HTDM,12373,3
HTDM,12374,3
HTDM,12375,4
HTDM,12376,4
HTDM,12377,5
HTDM,12378,5
HTDM,12379,7
HTDM,12380,7
HTDM,12381,7
HTDM,12382,7
HTDM,12383,8
HTDM,12384,8
HTDM,12385,9
HTDM,12386,9
HTDM,12387,10
HTDM,12388,10
HTDM,12389,7
HTDM,12390,7
HTDM,12391,1
HTDM,12392,1
HTDM,12393,1
HTDM,12394,1
HTDM,12395,4
HTDM,12396,4
HTDM,12397,4
HTDM,12398,4
HTDM,12399,2
HTDM,12400,2
HTDM,12401,3
HTDM,12402,3
HTDM,12403,4
HTDM,12404,4
HTDM,12405,2
HTDM,12406,2
HTDM,12407,8
HTDM,12408,8
HTDM,12409,9
HTDM,12410,9
HTDM,12411,2
HTDM,12412,2
HTDM,12413,4
HTDM,12414,4
HTDM,12415,4
HTDM,12416,4
HTDM,12417,8
HTDM,12418,8
HTDM,12419,3
HTDM,12420,3
HTDM,12421,9
HTDM,12422,9
HTDM,12423,9
HTDM,12424,9
HTDM,12425,4
HTDM,12426,4
HTDM,12427,5
HTDM,12428,5
HTDM,12429,5
HTDM,12430,5
HTDM,12431,3
HTDM,12432,3
HTDM,12433,6
HTDM,12434,6
HTDM,12435,3
HTDM,12436,3
HTDM,12437,8
HTDM,12438,8
HTDM,12439,1
HTDM,12440,1
HTDM,12441,6
HTDM,12442,6
HTDM,12443,9
HTDM,12444,9
HTDM,12445,3
HTDM,12446,3
HTDM,12447,7
HTDM,12448,7
HTDM,12449,9
HTDM,12450,9
HTDM,12451,10
HTDM,12452,10
HTDM,12453,1
HTDM,12454,1
HTDM,12455,4
HTDM,12456,4
HTDM,12457,7
HTDM,12458,7
HTDM,12459,10
HTDM,12460,10
HTDM,12461,7
HTDM,12462,7
HTDM,12463,1
HTDM,12464,1
HTDM,12465,3
HTDM,12466,3
HTDM,12467,6
HTDM,12468,6
HTDM,12469,2
HTDM,12470,2
HTDM,12471,3
HTDM,12472,3
HTDM,12473,8
HTDM,12474,8
HTDM,12475,8
HTDM,12476,8
HTDM,12477,5
HTDM,12478,5
HTDM,12479,3
HTDM,12480,3
HTDM,12481,10
HTDM,12482,10
HTDM,12483,1
HTDM,12484,1
HTDM,12485,5
HTDM,12486,5
HTDM,12487,4
HTDM,12488,4
HTDM,12489,1
HTDM,12490,1
HTDM,12491,2
HTDM,12492,2
HTDM,12493,3
HTDM,12494,3
HTDM,12495,8
HTDM,12496,8
HTDM,12497,4
HTDM,12498,4
HTDM,12499,6
HTDM,12500,6
HTDM,12501,7
HTDM,12502,7
HTDM,12503,7
HTDM,12504,7
HTDM,12505,10
HTDM,12506,10
HTDM,12507,2
HTDM,12508,2
HTDM,12509,3
HTDM,12510,3
HTDM,12511,5
HTDM,12512,5
HTDM,12513,6
HTDM,12514,6
HTDM,12515,9
HTDM,12516,9
HTDM,12517,2
HTDM,12518,2
HTDM,12519,4
HTDM,12520,4
HTDM,12521,5
HTDM,12522,5
HTDM,12523,9
HTDM,12524,9
HTDM,12525,10
HTDM,12526,10
HTDM,12527,1
HTDM,12528,1
HTDM,12529,2
HTDM,12530,2
HTDM,12531,9
HTDM,12532,9
HTDM,12533,10
HTDM,12534,10
HTDM,12535,1
HTDM,12536,1
HTDM,12537,1
HTDM,12538,1
HTDM,12539,2
HTDM,12540,2
HTDM,12541,7
HTDM,12542,7
HTDM,12543,1
HTDM,12544,1
HTDM,12545,2
HTDM,12546,2
HTDM,12547,3
HTDM,12548,3
HTDM,12549,5
HTDM,12550,5
HTDM,12551,6
HTDM,12552,6
HTDM,12553,9
HTDM,12554,9
HTDM,12555,7
HTDM,12556,7
HTDM,12557,2
HTDM,12558,2
HTDM,12559,1
HTDM,12560,1
HTDM,12561,2
HTDM,12562,2
HTDM,12563,6
HTDM,12564,6
HTDM,12565,7
HTDM,12566,7
LDA,12567,
LDA,12568,
LDA,12569,
LDA,12570,
LDA,12571,
LDA,12572,
LDA,12573,
LDA,12574,
LDA,12575,
LDA,12576,
LDA,12577,
LDA,12578,
LDA,12579,
LDA,12580,
LDA,12581,
LDA,12582,
LDA,12583,
LDA,12584,
LDA,12585,
LDA,12586,
LDA,12587,
LDA,12588,
LDA,12589,
LDA,12590,
LDA,12591,
LDA,12592,
LDA,12593,
LDA,12594,
LDA,12595,
LDA,12596,
LDA,12597,
LDA,12598,
LDA,12599,
LDA,12600,
LDA,12601,
LDA,12602,
LDA,12603,
LDA,12604,
LDA,12605,
LDA,12606,
LDA,12607,
LDA,12608,
LDA,12609,
LDA,12610,
LDA,12611,
LDA,12612,
LDA,12613,
LDA,12614,
LDA,12615,
LDA,12616,
LDA,12617,
LDA,12618,
LDA,12619,
LDA,12620,
LDA,12621,
LDA,12622,
LDA,12623,
LDA,12624,
LDA,12625,
LDA,12626,
LDA,12627,
LDA,12628,
LDA,12629,
LDA,12630,
LDA,12631,
LDA,12632,
LDA,12633,
LDA,12634,
LDA,12635,
LDA,12636,
LDA,12637,
LDA,12638,
LDA,12639,
LDA,12640,
LDA,12641,
LDA,12642,
LDA,12643,
LDA,12644,
LDA,12645,
LDA,12646,
LDA,12647,
LDA,12648,
LDA,12649,
LDA,12650,
LDA,12651,
LDA,12652,
LDA,12653,
LDA,12654,
LDA,12655,
LDA,12656,
LDA,12657,
LDA,12658,
LDA,12659,
LDA,12660,
LDA,12661,
LDA,12662,
LDA,12663,
LDA,12664,
LDA,12665,
LDA,12666,
LDA,12667,
LDA,12668,
LDA,12669,
LDA,12670,
LDA,12671,
LDA,12672,
LDA,12673,
LDA,12674,
LDA,12675,
LDA,12676,
LDA,12677,
LDA,12678,
LDA,12679,
LDA,12680,
LDA,12681,
LDA,12682,
LDA,12683,
LDA,12684,
LDA,12685,
LDA,12686,
LDA,12687,
LDA,12688,
LDA,12689,
LDA,12690,
LDA,12691,
LDA,12692,
LDA,12693,
LDA,12694,
LDA,12695,
LDA,12696,
LDA,12697,
LDA,12698,
LDA,12699,
LDA,12700,
LDA,12701,
LDA,12702,
LDA,12703,
LDA,12704,
LDA,12705,
LDA,12706,
LDA,12707,
LDA,12708,
LDA,12709,
LDA,12710,
LDA,12711,
LDA,12712,
LDA,12713,
LDA,12714,
LDA,12715,
LDA,12716,
LDA,12717,
LDA,12718,
LDA,12719,
LDA,12720,
LDA,12721,
LDA,12722,
LDA,12723,
LDA,12724,
LDA,12725,
LDA,12726,
LDA,12727,
LDA,12728,
LDA,12729,
LDA,12730,
LDA,12731,
LDA,12732,
LDA,12733,
LDA,12734,
LDA,12735,
LDA,12736,
LDA,12737,
LDA,12738,
LDA,12739,
LDA,12740,
LDA,12741,
LDA,12742,
LDA,12743,
LDA,12744,
LDA,12745,
LDA,12746,
LDA,12747,
LDA,12748,
LDA,12749,
LDA,12750,
LDA,12751,
LDA,12752,
LDA,12753,
LDA,12754,
LDA,12755,
LDA,12756,
LDA,12757,
LDA,12758,
LDA,12759,
LDA,12760,
LDA,12761,
LDA,12762,
LDA,12763,
LDA,12764,
LDA,12765,
LDA,12766,
LDA,12767,
LDA,12768,
LDA,12769,
LDA,12770,
LDA,12771,
LDA,12772,
LDA,12773,
LDA,12774,
LDA,12775,
LDA,12776,
LDA,12777,
LDA,12778,
LDA,12779,
LDA,12780,
LDA,12781,
LDA,12782,
LDA,12783,
LDA,12784,
LDA,12785,
LDA,12786,
LDA,12787,
LDA,12788,
LDA,12789,
LDA,12790,
LDA,12791,
LDA,12792,
LDA,12793,
LDA,12794,
LDA,12795,
LDA,12796,
LDA,12797,
LDA,12798,
LDA,12799,
LDA,12800,
LDA,12801,
LDA,12802,
LDA,12803,
LDA,12804,
LDA,12805,
LDA,12806,
LDA,12807,
LDA,12808,
LDA,12809,
LDA,12810,
LDA,12811,
LDA,12812,
LDA,12813,
LDA,12814,
LDA,12815,
LDA,12816,
LDA,12817,
LDA,12818,
LDA,12819,
LDA,12820,
LDA,12821,
LDA,12822,
LDA,12823,
LDA,12824,
LDA,12825,
LDA,12826,
LDA,12827,
LDA,12828,
LDA,12829,
LDA,12830,
LDA,12831,
LDA,12832,
LDA,12833,
LDA,12834,
LDA,12835,
LDA,12836,
LDA,12837,
LDA,12838,
LDA,12839,
LDA,12840,
LDA,12841,
LDA,12842,
LDA,12843,
LDA,12844,
LDA,12845,
LDA,12846,
LDA,12847,
LDA,12848,
LDA,12850,
LDA,12851,
LDA,12852,
LDA,12853,
LDA,12854,
LDA,12855,
LDA,12856,
LDA,12857,
LDA,12858,
LDA,12859,
LDA,12860,
LDA,12861,
LDA,12862,
LDA,12863,
LDA,12864,
LDA,12865,
LDA,12866,
LDA,12867,
LDA,12868,
LDA,12869,
LDA,12870,
LDA,12871,
LDA,12872,
LDA,12873,
LDA,12874,
LDA,12875,
MCS,12876,10
MCS,12877,1
MCS,12878,8
MCS,12879,9
MCS,12880,10
MCS,12881,1
MCS,12882,6
MCS,12883,6
MCS,12884,2
MCS,12885,2
MCS,12886,8
MCS,12887,9
MCS,12888,6
MCS,12889,7
MCS,12890,5
MCS,12891,1
MCS,12892,2
MCS,12893,6
MCS,12894,7
MCS,12895,8
MCS,12896,3
MCS,12897,7
MCS,12898,8
MCS,12899,5
MCS,12900,6
MCS,12901,8
MCS,12902,5
MCS,12903,6
MCS,12904,2
MCS,12905,4
MCS,12906,7
MCS,12907,10
MCS,12908,1
MCS,12909,10
MCS,12910,6
MCS,12911,7
MCS,12912,8
MCS,12913,4
MCS,12914,9
MCS,12915,4
MCS,12916,5
MCS,12917,10
MCS,12918,4
MCS,12919,5
MCS,12920,3
MCS,12921,5
MCS,12922,6
MCS,12923,5
MCS,12924,10
MCS,12925,1
MCS,12926,3
MCS,12927,4
MCS,12928,5
MCS,12929,7
MCS,12930,1
MCS,12931,5
MCS,12932,10
MCS,12933,6
MCS,12934,7
MCS,12935,9
MCS,12936,4
MCS,12937,2
MCS,12938,10
MCS,12939,3
MCS,12940,2
MCS,12941,2
MCS,12942,1
MCS,12943,4
MCS,12944,7
MCS,12945,8
MCS,12946,2
MCS,12947,3
MCS,12948,4
MCS,12949,7
MCS,12950,4
MCS,12951,4
MCS,12952,9
MCS,12953,10
MCS,12954,3
MCS,12955,3
MCS,12956,10
MCS,12957,1
MCS,12958,2
MCS,12959,8
MCS,12960,2
MCS,12961,9
MCS,12962,10
MCS,12963,2
MCS,12964,2
MCS,12965,3
MCS,12966,7
MCS,12967,3
MCS,12968,4
MCS,12969,9
MCS,12970,5
MCS,12971,3
MCS,12972,1
MCS,12973,6
MCS,12974,8
MCS,12975,9
MCS,12976,10
MCS,12977,1
MCS,12978,3
MCS,12979,1
MCS,12980,1
MCS,12981,7
MCS,12982,8
MCS,12983,9
MCS,12984,1
MCS,12985,6
MCS,12986,9
MCS,12987,7
MCS,12988,3
MCS,12989,9
MCS,12990,4
MCS,12991,5
MCS,12992,9
MCS,12993,5
MCS,12994,6
MCS,12995,8
MCS,12996,8
MTDM,12997,7
MTDM,12998,7
MTDM,12999,5
MTDM,13000,5
MTDM,13001,6
MTDM,13002,6
MTDM,13003,7
MTDM,13004,7
MTDM,13005,10
MTDM,13006,10
MTDM,13007,1
MTDM,13008,1
MTDM,13009,3
MTDM,13010,3
MTDM,13011,6
MTDM,13012,6
MTDM,13013,3
MTDM,13014,3
MTDM,13015,4
MTDM,13016,4
MTDM,13017,5
MTDM,13018,5
MTDM,13019,8
MTDM,13020,8
MTDM,13021,5
MTDM,13022,5
MTDM,13023,6
MTDM,13024,6
MTDM,13025,10
MTDM,13026,10
MTDM,13027,3
MTDM,13028,3
MTDM,13029,9
MTDM,13030,9
MTDM,13031,2
MTDM,13032,2
MTDM,13033,5
MTDM,13034,5
MTDM,13035,6
MTDM,13036,6
MTDM,13037,4
MTDM,13038,4
MTDM,13039,5
MTDM,13040,5
MTDM,13041,6
MTDM,13042,6
MTDM,13043,10
MTDM,13044,10
MTDM,13045,5
MTDM,13046,5
MTDM,13047,2
MTDM,13048,2
MTDM,13049,4
MTDM,13050,4
MTDM,13051,4
MTDM,13052,4
MTDM,13053,10
MTDM,13054,10
MTDM,13055,1
MTDM,13056,1
MTDM,13057,2
MTDM,13058,2
MTDM,13059,3
MTDM,13060,3
MTDM,13061,9
MTDM,13062,9
MTDM,13063,10
MTDM,13064,10
MTDM,13065,6
MTDM,13066,6
MTDM,13067,7
MTDM,13068,7
MTDM,13069,1
MTDM,13070,1
MTDM,13071,3
MTDM,13072,3
MTDM,13073,2
MTDM,13074,2
MTDM,13075,10
MTDM,13076,10
MTDM,13077,4
MTDM,13078,4
MTDM,13079,4
MTDM,13080,4
MTDM,13081,4
MTDM,13082,4
MTDM,13083,3
MTDM,13084,3
MTDM,13085,4
MTDM,13086,4
MTDM,13087,1
MTDM,13088,1
MTDM,13089,5
MTDM,13090,5
MTDM,13091,4
MTDM,13092,4
MTDM,13093,10
MTDM,13094,10
MTDM,13095,10
MTDM,13096,10
MTDM,13097,7
MTDM,13098,7
MTDM,13099,4
MTDM,13100,4
MTDM,13101,5
MTDM,13102,5
MTDM,13103,6
MTDM,13104,6
MTDM,13105,5
MTDM,13106,5
MTDM,13107,3
MTDM,13108,3
MTDM,13109,8
MTDM,13110,8
MTDM,13111,9
MTDM,13112,9
MTDM,13113,10
MTDM,13114,10
MTDM,13115,1
MTDM,13116,1
MTDM,13117,2
MTDM,13118,2
MTDM,13119,3
MTDM,13120,3
MTDM,13121,1
MTDM,13122,1
MTDM,13123,7
MTDM,13124,7
MTDM,13125,8
MTDM,13126,8
MTDM,13127,2
MTDM,13128,2
MTDM,13129,1
MTDM,13130,1
MTDM,13131,5
MTDM,13132,5
MTDM,13133,5
MTDM,13134,5
MTDM,13135,4
MTDM,13136,4
MTDM,13137,1
MTDM,13138,1
MTDM,13139,1
MTDM,13140,1
MTDM,13141,2
MTDM,13142,2
MTDM,13143,3
MTDM,13144,3
MTDM,13145,3
MTDM,13146,3
MTDM,13147,3
MTDM,13148,3
MTDM,13149,2
MTDM,13150,2
MTDM,13151,7
MTDM,13152,7
MTDM,13153,7
MTDM,13154,7
MTDM,13155,1
MTDM,13156,1
MTDM,13157,3
MTDM,13158,3
MTDM,13159,1
MTDM,13160,1
MTDM,13161,2
MTDM,13162,2
MTDM,13163,8
MTDM,13164,8
MTDM,13165,5
MTDM,13166,5
MTDM,13167,5
MTDM,13168,5
MTDM,13169,6
MTDM,13170,6
MTDM,13171,7
MTDM,13172,7
MTDM,13173,8
MTDM,13174,8
MTDM,13175,1
MTDM,13176,1
MTDM,13177,10
MTDM,13178,10
MTDM,13179,6
MTDM,13180,6
MTDM,13181,9
MTDM,13182,9
MTDM,13183,7
MTDM,13184,7
MTDM,13185,8
MTDM,13186,8
MTDM,13187,4
MTDM,13188,4
MTDM,13189,3
MTDM,13190,3
MTDM,13191,9
MTDM,13192,9
MTDM,13193,10
MTDM,13194,10
MTDM,13195,9
MTDM,13196,9
MTDM,13197,2
MTDM,13198,2
MTDM,13199,8
MTDM,13200,8
MTDM,13201,9
MTDM,13202,9
MTDM,13203,1
MTDM,13204,1
MTDM,13205,2
MTDM,13206,2
MTDM,13207,1
MTDM,13208,1
MTDM,13209,2
MTDM,13210,2
MTDM,13211,3
MTDM,13212,3
MTDM,13213,5
MTDM,13214,5
MTDM,13215,8
MTDM,13216,8
MTDM,13217,9
MTDM,13218,9
MTDM,13219,10
MTDM,13220,10
MTDM,13221,1
MTDM,13222,1
MTDM,13223,8
MTDM,13224,8
MTDM,13225,9
MTDM,13226,9
MTDM,13227,9
MTDM,13228,9
MTDM,13229,10
MTDM,13230,10
MTDM,13231,4
MTDM,13232,4
MTDM,13233,8
MTDM,13234,8
MTDM,13235,7
MTDM,13236,7
MTDM,13237,8
MTDM,13238,8
MTDM,13239,9
MTDM,13240,9
MTDM,13241,6
MTDM,13242,6
MTDM,13243,7
MTDM,13244,7
MTDM,13245,7
MTDM,13246,7
MTDM,13247,8
MTDM,13248,8
MTDM,13249,2
MTDM,13250,2
MTDM,13251,4
MTDM,13252,4
MTDM,13253,10
MTDM,13254,10
MTDM,13255,2
MTDM,13256,2
MTDM,13257,9
MTDM,13258,9
MTDM,13259,6
MTDM,13260,6
MTDM,13261,7
MTDM,13262,7
MTDM,13263,8
MTDM,13264,8
MTDM,13265,9
MTDM,13266,9
MTDM,13267,6
MTDM,13268,6
MTDM,13269,7
MTDM,13270,7
MTDM,13271,8
MTDM,13272,8
MTDM,13273,6
MTDM,13274,6
MTDM,13275,4
MTDM,13276,4
MTDM,13277,5
MTDM,13278,5
MTDM,13279,6
MTDM,13280,6
MTDM,13281,2
MTDM,13282,2
MTDM,13283,3
MTDM,13284,3
MTDM,13285,9
MTDM,13286,9
PBM,13287,10
PBM,13288,1
PBM,13289,10
PBM,13290,1
PBM,13291,9
PBM,13292,9
PBM,13293,10
PBM,13294,4
PBM,13295,3
PBM,13296,5
PBM,13297,9
PBM,13298,5
PBM,13299,7
PBM,13300,8
PBM,13301,4
PBM,13302,3
PBM,13303,4
PBM,13304,6
PBM,13305,7
PBM,13306,8
PBM,13307,9
PBM,13308,10
PBM,13309,4
PBM,13310,5
PBM,13311,6
PBM,13312,7
PBM,13313,9
PBM,13314,5
PBM,13315,3
PBM,13316,4
PBM,13317,7
PBM,13318,8
PBM,13319,7
PBM,13320,2
PBM,13321,2
PBM,13322,8
PBM,13323,9
PBM,13324,6
PBM,13325,7
PBM,13326,2
PBM,13327,9
PBM,13328,5
PBM,13329,4
PBM,13330,5
PBM,13331,1
PBM,13332,9
PBM,13333,10
PBM,13334,9
PBM,13335,10
PBM,13336,4
PBM,13337,8
PBM,13338,8
PBM,13339,3
PBM,13340,5
PBM,13341,10
PBM,13342,1
PBM,13343,8
PBM,13344,7
PBM,13345,1
PBM,13346,4
PBM,13347,10
PBM,13348,5
PBM,13349,8
PBM,13350,1
PBM,13351,2
PBM,13352,3
PBM,13353,9
PBM,13354,6
PBM,13355,6
PBM,13356,7
PBM,13357,2
PBM,13358,3
PBM,13359,4
PBM,13360,5
PBM,13361,6
PBM,13362,8
PBM,13363,2
PBM,13364,3
PBM,13365,4
PBM,13366,5
PBM,13367,3
PBM,13368,6
PBM,13369,10
PBM,13370,1
PBM,13371,2
PBM,13372,5
PBM,13373,1
PBM,13374,3
PBM,13375,1
PBM,13376,2
PBM,13377,6
PBM,13378,2
PBM,13379,3
PBM,13380,1
PBM,13381,1
PBM,13382,2
PBM,13383,3
PBM,13384,4
PBM,13385,2
PBM,13386,6
PBM,13387,10
PBM,13388,8
PBM,13389,1
PBM,13390,2
PBM,13391,3
PBM,13392,4
PBM,13393,10
PBM,13394,6
PBM,13395,9
PBM,13396,8
PBM,13397,6
PBM,13398,7
PBM,13399,5
PBM,13400,6
PBM,13401,7
PBM,13402,7
PFL,13403,4
PFL,13404,2
PFL,13405,5
PFL,13406,6
PFL,13407,9
PFL,13408,3
PFL,13409,8
PFL,13410,9
PFL,13411,1
PFL,13412,1
PFL,13413,4
PFL,13414,9
PFL,13415,10
PFL,13416,7
PFL,13417,3
PFL,13418,4
PFL,13419,6
PFL,13420,5
PFL,13421,6
PFL,13422,5
PFL,13423,3
PFL,13424,7
PFL,13425,8
PFL,13426,9
PFL,13427,10
PFL,13428,3
PFL,13429,8
PFL,13430,9
PFL,13431,4
PFL,13432,1
PFL,13433,2
PFL,13434,5
PFL,13435,1
PFL,13436,6
PFL,13437,10
PFL,13438,5
PFL,13439,6
PFL,13440,3
PFL,13441,8
PFL,13442,9
PFL,13443,10
PFL,13444,1
PFL,13445,2
PFL,13446,4
PFL,13447,3
PFL,13448,1
PFL,13449,4
PFL,13450,5
PFL,13451,6
PFL,13452,7
PFL,13453,9
PFL,13454,4
PFL,13455,3
PFL,13456,10
PFL,13457,8
PFL,13458,7
PFL,13459,3
PFL,13460,5
PFL,13461,2
PFL,13462,10
PFL,13463,2
PFL,13464,6
PFL,13465,9
PFL,13466,10
PFL,13467,1
PFL,13468,2
PFL,13469,10
PFL,13470,1
PFL,13471,2
PFL,13472,4
PFL,13473,1
PFL,13474,2
PFL,13475,6
PFL,13476,3
PFL,13477,2
PFL,13478,6
PFL,13479,5
PFL,13480,8
PFL,13481,10
PFL,13482,2
PFL,13483,7
PFL,13484,7
PFL,13485,4
PFL,13486,5
PFL,13487,6
PFL,13488,7
PFL,13489,4
PFL,13490,3
PFL,13491,4
PFL,13492,1
PFL,13493,7
PFL,13494,1
PFL,13495,2
PFL,13496,7
PFL,13497,8
PFL,13498,9
PFL,13499,6
PFL,13500,8
PFL,13501,2
PFL,13502,9
PFL,13503,7
PFL,13504,8
PFL,13505,5
PFL,13506,3
PFL,13507,9
PFL,13508,10
PFL,13509,10
PFL,13510,3
PFL,13511,1
PFL,13512,8
PFL,13513,8
PFL,13514,4
PFL,13515,5
PFL,13516,7
PFN,13517,1
PFN,13518,4
PFN,13519,7
PFN,13520,8
PFN,13521,9
PFN,13522,7
PFN,13523,2
PFN,13524,3
PFN,13525,7
PFN,13526,8
PFN,13527,2
PFN,13528,2
PFN,13529,4
PFN,13530,4
PFN,13531,3
PFN,13532,4
PFN,13533,7
PFN,13534,10
PFN,13535,6
PFN,13536,5
PFN,13537,6
PFN,13538,3
PFN,13539,4
PFN,13540,5
PFN,13541,6
PFN,13542,10
PFN,13543,9
PFN,13544,1
PFN,13545,10
PFN,13546,6
PFN,13547,4
PFN,13548,8
PFN,13549,3
PFN,13550,5
PFN,13551,2
PFN,13552,10
PFN,13553,1
PFN,13554,8
PFN,13555,6
PFN,13556,8
PFN,13557,8
PFN,13558,7
PFN,13559,2
PFN,13560,3
PFN,13561,4
PFN,13562,5
PFN,13563,6
PFN,13564,9
PFN,13565,2
PFN,13566,7
PFN,13567,2
PFN,13568,1
PFN,13569,3
PFN,13570,5
PFN,13571,6
PFN,13572,7
PFN,13573,8
PFN,13574,7
PFN,13575,8
PFN,13576,7
PFN,13577,1
PFN,13578,10
PFN,13579,2
PFN,13580,1
PFN,13581,5
PFN,13582,10
PFN,13583,9
PFN,13584,5
PFN,13585,4
PFN,13586,2
PFN,13587,1
PFN,13588,2
PFN,13589,3
PFN,13590,4
PFN,13591,7
PFN,13592,5
PFN,13593,3
PFN,13594,4
PFN,13595,5
PFN,13596,1
PFN,13597,6
PFN,13598,9
PFN,13599,8
PFN,13600,5
PFN,13601,1
PFN,13602,2
PFN,13603,9
PFN,13604,8
PFN,13605,6
PFN,13606,3
PFN,13607,4
PFN,13608,5
PFN,13609,6
PFN,13610,6
PFN,13611,10
PFN,13612,9
PFN,13613,10
PFN,13614,9
PFN,13615,2
PFN,13616,3
PFN,13617,9
PFN,13618,10
PFN,13619,1
PFN,13620,2
PFN,13621,8
PFN,13622,9
PFN,13623,10
PFN,13624,1
PFN,13625,7
PFN,13626,9
PFN,13627,10
PFN,13628,1
PFN,13629,7
PFN,13630,3
PFN,13631,4
PFN,13632,3
PFN,13633,5
PFN,13634,6
PFN,13635,10
PFN,13636,1
PFN,13637,3
PFN,13638,8
PFN,13639,9
PHT,13640,10
PHT,13641,1
PHT,13642,2
PHT,13643,8
PHT,13644,9
PHT,13645,10
PHT,13646,7
PHT,13647,7
PHT,13648,4
PHT,13649,5
PHT,13650,6
PHT,13651,5
PHT,13652,3
PHT,13653,7
PHT,13654,2
PHT,13655,9
PHT,13656,3
PHT,13657,4
PHT,13658,5
PHT,13659,5
PHT,13660,8
PHT,13661,9
PHT,13662,10
PHT,13663,1
PHT,13664,2
PHT,13665,9
PHT,13666,1
PHT,13667,2
PHT,13668,6
PHT,13669,5
PHT,13670,2
PHT,13671,3
PHT,13672,4
PHT,13673,2
PHT,13674,3
PHT,13675,8
PHT,13676,1
PHT,13677,2
PHT,13678,3
PHT,13679,6
PHT,13680,10
PHT,13681,9
PHT,13682,6
PHT,13683,5
PHT,13684,3
PHT,13685,6
PHT,13686,7
PHT,13687,4
PHT,13688,7
PHT,13689,10
PHT,13690,3
PHT,13691,6
PHT,13692,6
PHT,13693,4
PHT,13694,1
PHT,13695,1
PHT,13696,5
PHT,13697,6
PHT,13698,7
PHT,13699,5
PHT,13700,8
PHT,13701,4
PHT,13702,8
PHT,13703,9
PHT,13704,8
PHT,13705,4
PHT,13706,10
PHT,13707,9
PHT,13708,4
PHT,13709,5
PHT,13710,5
PHT,13711,6
PHT,13712,7
PHT,13713,8
PHT,13714,9
PHT,13715,8
PHT,13716,2
PHT,13717,3
PHT,13718,3
PHT,13719,1
PHT,13720,2
PHT,13721,4
PHT,13722,7
PHT,13723,2
PHT,13724,9
PHT,13725,10
PHT,13726,1
PHT,13727,6
PHT,13728,4
PHT,13729,4
PHT,13730,8
PHT,13731,3
PHT,13732,8
PHT,13733,9
PHT,13734,10
PHT,13735,3
PHT,13736,1
PHT,13737,1
PHT,13738,1
PHT,13739,7
PHT,13740,1
PHT,13741,2
PHT,13742,3
PHT,13743,7
PHT,13744,5
PHT,13745,6
PHT,13746,10
PHT,13747,5
PHT,13748,6
PHT,13749,8
PHT,13750,2
PHT,13751,7
PHT,13752,10
PHT,13753,9
PHT,13754,10
PHT,13755,7
PHT,13756,9
PHT,13757,10
PHT,13758,4
PHT,13759,8
PMK,13760,8
PMK,13761,9
PMK,13762,8
PMK,13763,6
PMK,13764,7
PMK,13765,8
PMK,13766,2
PMK,13767,10
PMK,13768,1
PMK,13769,2
PMK,13770,3
PMK,13771,7
PMK,13772,3
PMK,13773,1
PMK,13774,9
PMK,13775,4
PMK,13776,8
PMK,13777,8
PMK,13778,1
PMK,13779,2
PMK,13780,3
PMK,13781,4
PMK,13782,3
PMK,13783,4
PMK,13784,8
PMK,13785,9
PMK,13786,10
PMK,13787,8
PMK,13788,10
PMK,13789,4
PMK,13790,1
PMK,13791,4
PMK,13792,5
PMK,13793,7
PMK,13794,9
PMK,13795,10
PMK,13796,9
PMK,13797,8
PMK,13798,9
PMK,13799,10
PMK,13800,5
PMK,13801,6
PMK,13802,9
PMK,13803,10
PMK,13804,4
PMK,13805,5
PMK,13806,6
PMK,13807,10
PMK,13808,7
PMK,13809,6
PMK,13810,2
PMK,13811,5
PMK,13812,1
PMK,13813,7
PMK,13814,5
PMK,13815,7
PMK,13816,9
PMK,13817,2
PMK,13818,3
PMK,13819,6
PMK,13820,7
PMK,13821,6
PMK,13822,7
PMK,13823,10
PMK,13824,6
PMK,13825,1
PMK,13826,8
PMK,13827,7
PMK,13828,4
PMK,13829,2
PMK,13830,3
PMK,13831,3
PMK,13832,4
PMK,13833,5
PMK,13834,2
PMK,13835,3
PMK,13836,4
PMK,13837,5
PMK,13838,6
PMK,13839,9
PMK,13840,1
PMK,13841,2
PMK,13842,1
PMK,13843,8
PMK,13844,8
PMK,13845,2
PMK,13846,1
PMK,13847,2
PMK,13848,5
PMK,13849,3
PMK,13850,4
PMK,13851,5
PMK,13852,6
PMK,13853,3
PMK,13854,4
PMK,13855,5
PMK,13856,1
PMK,13857,5
PMK,13858,7
PMK,13859,6
PMK,13860,1
PMK,13861,2
PMK,13862,4
PMK,13863,5
PMK,13864,6
PMK,13865,9
PMK,13866,10
PMK,13867,7
PMK,13868,1
PMK,13869,10
PMK,13870,8
PMK,13871,2
PMK,13872,3
PMK,13873,6
PMK,13874,9
PMK,13875,10
PMK,13876,3
PMK,13877,7
RFSM,13878,10
RFSM,13879,1
RFSM,13880,2
RFSM,13881,3
RFSM,13882,9
RFSM,13883,10
RFSM,13884,2
RFSM,13885,9
RFSM,13886,10
RFSM,13887,2
RFSM,13888,9
RFSM,13889,1
RFSM,13890,5
RFSM,13891,8
RFSM,13892,3
RFSM,13893,9
RFSM,13894,10
RFSM,13895,3
RFSM,13896,8
RFSM,13897,9
RFSM,13898,7
RFSM,13899,6
RFSM,13900,7
RFSM,13901,9
RFSM,13902,10
RFSM,13903,4
RFSM,13904,5
RFSM,13905,2
RFSM,13906,3
RFSM,13907,4
RFSM,13908,4
RFSM,13909,1
RFSM,13910,2
RFSM,13911,5
RFSM,13912,6
RFSM,13913,5
RFSM,13914,5
RFSM,13915,2
RFSM,13916,8
RFSM,13917,9
RFSM,13918,2
RFSM,13919,3
RFSM,13920,4
RFSM,13921,5
RFSM,13922,3
RFSM,13923,7
RFSM,13924,4
RFSM,13925,5
RFSM,13926,6
RFSM,13927,7
RFSM,13928,6
RFSM,13929,4
RFSM,13930,1
RFSM,13931,2
RFSM,13932,10
RFSM,13933,1
RFSM,13934,2
RFSM,13935,10
RFSM,13936,1
RFSM,13937,1
RFSM,13938,3
RFSM,13939,4
RFSM,13940,4
RFSM,13941,10
RFSM,13942,10
RFSM,13943,5
RFSM,13944,6
RFSM,13945,8
RFSM,13946,8
RFSM,13947,9
RFSM,13948,2
RFSM,13949,3
RFSM,13950,4
RFSM,13951,9
RFSM,13952,8
RFSM,13953,9
RFSM,13954,10
RFSM,13955,8
RFSM,13956,7
RFSM,13957,7
RFSM,13958,7
RFSM,13959,8
RFSM,13960,6
RFSM,13961,3
RFSM,13962,4
RFSM,13963,3
RFSM,13964,5
RFSM,13965,1
RFSM,13966,7
RFSM,13967,7
RFSM,13968,6
RFSM,13969,7
RFSM,13970,8
RFSM,13971,9
RFSM,13972,6
RFSM,13973,9
RFSM,13974,8
RFSM,13975,6
RFSM,13976,1
RFSM,13977,7
RFSM,13978,1
RFSM,13979,6
RFSM,13980,7
RFSM,13981,5
RFSM,13982,5
RFSM,13983,6
RFSM,13984,9
RFSM,13985,1
RFSM,13986,2
RFSM,13987,3
RFSM,13988,4
RFSM,13989,5
RFSM,13990,8
RFSM,13991,1
RFSM,13992,1
RFSM,13993,2
RFSM,13994,3
RFSM,13995,4
RFSM,13996,8
RFSM,13997,10
RFSM,13998,10
RFSM,13999,4
RFSM,14000,1
RFSM,14001,8
RFSM,14002,2
RFSM,14003,3
RFSM,14004,6
RFSM,14005,4
RFSM,14006,5
RFSM,14007,6
RFSM,14008,7
RFSM,14009,10
RFSM,14010,2
RFSM,14011,3
RMS,14012,8
RMS,14013,7
RMS,14014,8
RMS,14015,9
RMS,14016,10
RMS,14017,5
RMS,14018,6
RMS,14019,4
RMS,14020,10
RMS,14021,1
RMS,14022,3
RMS,14023,1
RMS,14024,3
RMS,14025,5
RMS,14026,8
RMS,14027,8
RMS,14028,7
RMS,14029,2
RMS,14030,6
RMS,14031,7
RMS,14032,10
RMS,14033,3
RMS,14034,4
RMS,14035,5
RMS,14036,3
RMS,14037,4
RMS,14038,5
RMS,14039,4
RMS,14040,10
RMS,14041,8
RMS,14042,9
RMS,14043,8
RMS,14044,8
RMS,14045,6
RMS,14046,7
RMS,14047,8
RMS,14048,9
RMS,14049,6
RMS,14050,8
RMS,14051,10
RMS,14052,1
RMS,14053,2
RMS,14054,3
RMS,14055,7
RMS,14056,10
RMS,14057,5
RMS,14058,3
RMS,14059,4
RMS,14060,5
RMS,14061,6
RMS,14062,7
RMS,14063,7
RMS,14064,4
RMS,14065,2
RMS,14066,9
RMS,14067,9
RMS,14068,2
RMS,14069,10
RMS,14070,3
RMS,14071,1
RMS,14072,5
RMS,14073,5
RMS,14074,6
RMS,14075,1
RMS,14076,7
RMS,14077,8
RMS,14078,2
RMS,14079,2
RMS,14080,8
RMS,14081,7
RMS,14082,10
RMS,14083,9
RMS,14084,2
RMS,14085,3
RMS,14086,4
RMS,14087,10
RMS,14088,1
RMS,14089,2
RMS,14090,1
RMS,14091,2
RMS,14092,3
RMS,14093,7
RMS,14094,3
RMS,14095,2
RMS,14096,1
RMS,14097,4
RMS,14098,1
RMS,14099,10
RMS,14100,2
RMS,14101,5
RMS,14102,6
RMS,14103,4
RMS,14104,5
RMS,14105,6
RMS,14106,3
RMS,14107,6
RMS,14108,9
RMS,14109,1
RMS,14110,9
RMS,14111,1
RMS,14112,2
RMS,14113,3
RMS,14114,4
RMS,14115,7
RMS,14116,9
RMS,14117,6
RMS,14118,4
RMS,14119,9
RMS,14120,10
RMS,14121,1
RMS,14122,4
RMS,14123,9
RMS,14124,5
RMS,14125,6
SEM,14126,6
SEM,14127,4
SEM,14128,5
SEM,14129,7
SEM,14130,8
SEM,14131,9
SEM,14132,10
SEM,14133,9
SEM,14134,10
SEM,14135,7
SEM,14136,6
SEM,14137,4
SEM,14138,1
SEM,14139,8
SEM,14140,8
SEM,14141,9
SEM,14142,4
SEM,14143,3
SEM,14144,10
SEM,14145,1
SEM,14146,3
SEM,14147,4
SEM,14148,2
SEM,14149,3
SEM,14150,4
SEM,14151,5
SEM,14152,6
SEM,14153,1
SEM,14154,2
SEM,14155,7
SEM,14156,6
SEM,14157,8
SEM,14158,3
SEM,14159,5
SEM,14160,3
SEM,14161,9
SEM,14162,10
SEM,14163,1
SEM,14164,6
SEM,14165,7
SEM,14166,4
SEM,14167,1
SEM,14168,6
SEM,14169,6
SEM,14170,7
SEM,14171,7
SEM,14172,7
SEM,14173,3
SEM,14174,1
SEM,14175,10
SEM,14176,1
SEM,14177,1
SEM,14178,1
SEM,14179,4
SEM,14180,2
SEM,14181,3
SEM,14182,9
SEM,14183,10
SEM,14184,6
SEM,14185,8
SEM,14186,5
SEM,14187,5
SEM,14188,10
SEM,14189,3
SEM,14190,9
SEM,14191,9
SEM,14192,7
SEM,14193,8
SEM,14194,4
SEM,14195,10
SEM,14196,1
SEM,14197,2
SEM,14198,3
SEM,14199,10
SEM,14200,10
SEM,14201,7
SEM,14202,8
SEM,14203,3
SEM,14204,9
SEM,14205,9
SEM,14206,5
SEM,14207,2
SEM,14208,5
SEM,14209,5
SEM,14210,4
SEM,14211,3
SEM,14212,5
SEM,14213,2
SEM,14214,4
SEM,14215,5
SEM,14216,2
SEM,14217,7
SEM,14218,8
SEM,14219,5
SEM,14220,6
SEM,14221,8
SEM,14222,1
SEM,14223,4
SEM,14224,1
SEM,14225,2
SEM,14226,3
SEM,14227,9
SEM,14228,10
SEM,14229,6
SEM,14230,8
SEM,14231,6
SEM,14232,7
SEM,14233,2
SEM,14234,9
SEM,14235,8
SEM,14236,5
SEM,14237,4
SEM,14238,2
SEM,14239,2
SEM,14240,2
STDM,14241,8
STDM,14242,8
STDM,14243,9
STDM,14244,9
STDM,14245,10
STDM,14246,10
STDM,14247,8
STDM,14248,8
STDM,14249,5
STDM,14250,5
STDM,14251,7
STDM,14252,7
STDM,14253,9
STDM,14254,9
STDM,14255,1
STDM,14256,1
STDM,14257,6
STDM,14258,6
STDM,14259,4
STDM,14260,4
STDM,14261,2
STDM,14262,2
STDM,14263,10
STDM,14264,10
STDM,14265,1
STDM,14266,1
STDM,14267,3
STDM,14268,3
STDM,14269,8
STDM,14270,8
STDM,14271,4
STDM,14272,4
STDM,14273,10
STDM,14274,10
STDM,14275,8
STDM,14276,8
STDM,14277,9
STDM,14278,9
STDM,14279,8
STDM,14280,8
STDM,14281,9
STDM,14282,9
STDM,14283,6
STDM,14284,6
STDM,14285,7
STDM,14286,7
STDM,14287,6
STDM,14288,6
STDM,14289,3
STDM,14290,3
STDM,14291,2
STDM,14292,2
STDM,14293,3
STDM,14294,3
STDM,14295,4
STDM,14296,4
STDM,14297,5
STDM,14298,5
STDM,14299,6
STDM,14300,6
STDM,14301,6
STDM,14302,6
STDM,14303,3
STDM,14304,3
STDM,14305,4
STDM,14306,4
STDM,14307,5
STDM,14308,5
STDM,14309,1
STDM,14310,1
STDM,14311,9
STDM,14312,9
STDM,14313,10
STDM,14314,10
STDM,14315,1
STDM,14316,1
STDM,14317,3
STDM,14318,3
STDM,14319,9
STDM,14320,9
STDM,14321,4
STDM,14322,4
STDM,14323,10
STDM,14324,10
STDM,14325,8
STDM,14326,8
STDM,14327,3
STDM,14328,3
STDM,14329,10
STDM,14330,10
STDM,14331,1
STDM,14332,1
STDM,14333,3
STDM,14334,3
STDM,14335,2
STDM,14336,2
STDM,14337,9
STDM,14338,9
STDM,14339,2
STDM,14340,2
STDM,14341,1
STDM,14342,1
STDM,14343,6
STDM,14344,6
STDM,14345,7
STDM,14346,7
STDM,14347,1
STDM,14348,1
STDM,14349,10
STDM,14350,10
STDM,14351,3
STDM,14352,3
STDM,14353,9
STDM,14354,9
STDM,14355,2
STDM,14356,2
STDM,14357,3
STDM,14358,3
STDM,14359,5
STDM,14360,5
STDM,14361,6
STDM,14362,6
STDM,14363,3
STDM,14364,3
STDM,14365,1
STDM,14366,1
STDM,14367,3
STDM,14368,3
STDM,14369,4
STDM,14370,4
STDM,14371,9
STDM,14372,9
STDM,14373,3
STDM,14374,3
STDM,14375,9
STDM,14376,9
STDM,14377,6
STDM,14378,6
STDM,14379,2
STDM,14380,2
STDM,14381,2
STDM,14382,2
STDM,14383,5
STDM,14384,5
STDM,14385,7
STDM,14386,7
STDM,14387,1
STDM,14388,1
STDM,14389,6
STDM,14390,6
STDM,14391,5
STDM,14392,5
STDM,14393,4
STDM,14394,4
STDM,14395,7
STDM,14396,7
STDM,14397,7
STDM,14398,7
STDM,14399,4
STDM,14400,4
STDM,14401,10
STDM,14402,10
STDM,14403,1
STDM,14404,1
STDM,14405,10
STDM,14406,10
STDM,14407,8
STDM,14408,8
STDM,14409,9
STDM,14410,9
STDM,14411,10
STDM,14412,10
STDM,14413,10
STDM,14414,10
STDM,14415,3
STDM,14416,3
STDM,14417,7
STDM,14418,7
STDM,14419,2
STDM,14420,2
STDM,14421,7
STDM,14422,7
STDM,14423,4
STDM,14424,4
STDM,14425,5
STDM,14426,5
STDM,14427,1
STDM,14428,1
STDM,14429,8
STDM,14430,8
STDM,14431,6
STDM,14432,6
STDM,14433,7
STDM,14434,7
STDM,14435,8
STDM,14436,8
STDM,14437,5
STDM,14438,5
STDM,14439,7
STDM,14440,7
STDM,14441,4
STDM,14442,4
STDM,14443,6
STDM,14444,6
STDM,14445,2
STDM,14446,2
STDM,14447,4
STDM,14448,4
STDM,14449,5
STDM,14450,5
STDM,14451,6
STDM,14452,6
STDM,14453,7
STDM,14454,7
STDM,14455,5
STDM,14456,5
STDM,14457,4
STDM,14458,4
STDM,14459,10
STDM,14460,10
STDM,14461,1
STDM,14462,1
STDM,14463,2
STDM,14464,2
STDM,14465,3
STDM,14466,3
STDM,14467,10
STDM,14468,10
STDM,14469,2
STDM,14470,2
STDM,14471,5
STDM,14472,5
STDM,14473,8
STDM,14474,8
STDM,14475,1
STDM,14476,1
STDM,14477,4
STDM,14478,4
STDM,14479,8
STDM,14480,8
STDM,14481,2
STDM,14482,2
STDM,14483,1
STDM,14484,1
STDM,14485,7
STDM,14486,7
STDM,14487,3
STDM,14488,3
STDM,14489,4
STDM,14490,4
STDM,14491,5
STDM,14492,5
STDM,14493,4
STDM,14494,4
STDM,14495,5
STDM,14496,5
STDM,14497,6
STDM,14498,6
STDM,14499,7
STDM,14500,7
STDM,14501,8
STDM,14502,8
STDM,14503,6
STDM,14504,6
STDM,14505,1
STDM,14506,1
STDM,14507,2
STDM,14508,2
STDM,14509,5
STDM,14510,5
STDM,14511,10
STDM,14512,10
STDM,14513,9
STDM,14514,9
STDM,14515,8
STDM,14516,8
STDM,14517,5
STDM,14518,5
STDM,14519,9
STDM,14520,9
STDM,14521,2
STDM,14522,2
STDM,14523,2
STDM,14524,2
STDM,14525,7
STDM,14526,7
STDM,14527,8
STDM,14528,8
STDM,14529,9
STDM,14530,9
TTDM,14531,9
TTDM,14532,9
TTDM,14533,1
TTDM,14534,1
TTDM,14535,9
TTDM,14536,9
TTDM,14537,10
TTDM,14538,10
TTDM,14539,4
TTDM,14540,4
TTDM,14541,4
TTDM,14542,4
TTDM,14543,3
TTDM,14544,3
TTDM,14545,6
TTDM,14546,6
TTDM,14547,7
TTDM,14548,7
TTDM,14549,3
TTDM,14550,3
TTDM,14551,4
TTDM,14552,4
TTDM,14553,3
TTDM,14554,3
TTDM,14555,4
TTDM,14556,4
TTDM,14557,1
TTDM,14558,1
TTDM,14559,2
TTDM,14560,2
TTDM,14561,1
TTDM,14562,1
TTDM,14563,3
TTDM,14564,3
TTDM,14565,10
TTDM,14566,10
TTDM,14567,1
TTDM,14568,1
TTDM,14569,7
TTDM,14570,7
TTDM,14571,8
TTDM,14572,8
TTDM,14573,9
TTDM,14574,9
TTDM,14575,10
TTDM,14576,10
TTDM,14577,3
TTDM,14578,3
TTDM,14579,2
TTDM,14580,2
TTDM,14581,3
TTDM,14582,3
TTDM,14583,4
TTDM,14584,4
TTDM,14585,5
TTDM,14586,5
TTDM,14587,8
TTDM,14588,8
TTDM,14589,9
TTDM,14590,9
TTDM,14591,8
TTDM,14592,8
TTDM,14593,6
TTDM,14594,6
TTDM,14595,7
TTDM,14596,7
TTDM,14597,2
TTDM,14598,2
TTDM,14599,6
TTDM,14600,6
TTDM,14601,10
TTDM,14602,10
TTDM,14603,9
TTDM,14604,9
TTDM,14605,10
TTDM,14606,10
TTDM,14607,2
TTDM,14608,2
TTDM,14609,8
TTDM,14610,8
TTDM,14611,9
TTDM,14612,9
TTDM,14613,10
TTDM,14614,10
TTDM,14615,10
TTDM,14616,10
TTDM,14617,9
TTDM,14618,9
TTDM,14619,6
TTDM,14620,6
TTDM,14621,8
TTDM,14622,8
TTDM,14623,6
TTDM,14624,6
TTDM,14625,1
TTDM,14626,1
TTDM,14627,2
TTDM,14628,2
TTDM,14629,3
TTDM,14630,3
TTDM,14631,4
TTDM,14632,4
TTDM,14633,7
TTDM,14634,7
TTDM,14635,5
TTDM,14636,5
TTDM,14637,5
TTDM,14638,5
TTDM,14639,7
TTDM,14640,7
TTDM,14641,8
TTDM,14642,8
TTDM,14643,10
TTDM,14644,10
TTDM,14645,5
TTDM,14646,5
TTDM,14647,2
TTDM,14648,2
TTDM,14649,3
TTDM,14650,3
TTDM,14651,4
TTDM,14652,4
TTDM,14653,3
TTDM,14654,3
TTDM,14655,4
TTDM,14656,4
TTDM,14657,7
TTDM,14658,7
TTDM,14659,8
TTDM,14660,8
TTDM,14661,2
TTDM,14662,2
TTDM,14663,5
TTDM,14664,5
TTDM,14665,3
TTDM,14666,3
TTDM,14667,2
TTDM,14668,2
TTDM,14669,3
TTDM,14670,3
TTDM,14671,10
TTDM,14672,10
TTDM,14673,8
TTDM,14674,8
TTDM,14675,9
TTDM,14676,9
TTDM,14677,5
TTDM,14678,5
TTDM,14679,9
TTDM,14680,9
TTDM,14681,3
TTDM,14682,3
TTDM,14683,6
TTDM,14684,6
TTDM,14685,4
TTDM,14686,4
TTDM,14687,2
TTDM,14688,2
TTDM,14689,8
TTDM,14690,8
TTDM,14691,3
TTDM,14692,3
TTDM,14693,4
TTDM,14694,4
TTDM,14695,7
TTDM,14696,7
TTDM,14697,2
TTDM,14698,2
TTDM,14699,10
TTDM,14700,10
TTDM,14701,1
TTDM,14702,1
TTDM,14703,1
TTDM,14704,1
TTDM,14705,9
TTDM,14706,9
TTDM,14707,6
TTDM,14708,6
TTDM,14709,4
TTDM,14710,4
TTDM,14711,6
TTDM,14712,6
TTDM,14713,9
TTDM,14714,9
TTDM,14715,1
TTDM,14716,1
TTDM,14717,2
TTDM,14718,2
TTDM,14719,8
TTDM,14720,8
TTDM,14721,7
TTDM,14722,7
TTDM,14723,9
TTDM,14724,9
TTDM,14725,5
TTDM,14726,5
TTDM,14727,2
TTDM,14728,2
TTDM,14729,5
TTDM,14730,5
TTDM,14731,5
TTDM,14732,5
TTDM,14733,6
TTDM,14734,6
TTDM,14735,7
TTDM,14736,7
TTDM,14737,10
TTDM,14738,10
TTDM,14739,5
TTDM,14740,5
TTDM,14741,1
TTDM,14742,1
TTDM,14743,10
TTDM,14744,10
TTDM,14745,3
TTDM,14746,3
TTDM,14747,3
TTDM,14748,3
TTDM,14749,6
TTDM,14750,6
TTDM,14751,1
TTDM,14752,1
TTDM,14753,5
TTDM,14754,5
TTDM,14755,2
TTDM,14756,2
TTDM,14757,9
TTDM,14758,9
TTDM,14759,10
TTDM,14760,10
TTDM,14761,1
TTDM,14762,1
TTDM,14763,7
TTDM,14764,7
TTDM,14765,8
TTDM,14766,8
TTDM,14767,9
TTDM,14768,9
TTDM,14769,4
TTDM,14770,4
TTDM,14771,7
TTDM,14772,7
TTDM,14773,1
TTDM,14774,1
TTDM,14775,2
TTDM,14776,2
TTDM,14777,4
TTDM,14778,4
TTDM,14779,5
TTDM,14780,5
TTDM,14781,6
TTDM,14782,6
TTDM,14783,10
TTDM,14784,10
TTDM,14785,1
TTDM,14786,1
TTDM,14787,5
TTDM,14788,5
TTDM,14789,6
TTDM,14790,6
TTDM,14791,8
TTDM,14792,8
TTDM,14793,1
TTDM,14794,1
TTDM,14795,7
TTDM,14796,7
TTDM,14797,6
TTDM,14798,6
TTDM,14799,4
TTDM,14800,4
TTDM,14801,5
TTDM,14802,5
TTDM,14803,8
TTDM,14804,8
TTDM,14805,4
TTDM,14806,4
TTDM,14807,5
TTDM,14808,5
TTDM,14809,6
TTDM,14810,6
TTDM,14811,1
TTDM,14812,1
TTDM,14813,2
TTDM,14814,2
TTDM,14815,7
TTDM,14816,7
TTDM,14817,7
TTDM,14818,7
TTDM,14819,8
TTDM,14820,8
LDA,14821,
LDA,14822,
LDA,14824,
LDA,14825,
LDA,14826,
LDA,14827,
LDA,14828,
LDA,14846,
LDA,14858,
LDA,14862,
LDA,14863,
LDA,14866,
LDA,14867,
LDA,14868,
LDA,14869,
LDA,14870,
LDA,14871,
LDA,14873,
LDA,14874,
LDA,14876,
LDA,14879,
LDA,14882,
LDA,14883,
ENT,14887,2